Date,Close,Volume,Open,High,Low
03/14/2011,0.1,,0.1,0.1,0.1
03/15/2011,0.1,,0.1,0.1,0.1
03/16/2011,0.06,10.0,0.06,0.06,0.06
03/17/2011,0.06,25.0,0.06,0.06,0.06
03/18/2011,0.06,,0.06,0.06,0.06
03/21/2011,0.06,,0.06,0.06,0.06
03/22/2011,0.06,,0.06,0.06,0.06
03/23/2011,0.06,50.0,0.06,0.06,0.06
03/24/2011,0.06,10.0,0.06,0.06,0.06
03/25/2011,0.06,40.0,0.06,0.06,0.06
03/28/2011,0.06,476.0,0.085,0.085,0.06
03/29/2011,0.06,799.0,0.06,0.06,0.06
03/30/2011,0.06,180.0,0.06,0.06,0.06
03/31/2011,0.085,600.0,0.085,0.085,0.085
04/01/2011,0.085,,0.085,0.085,0.085
04/04/2011,0.06,10.0,0.06,0.06,0.06
04/05/2011,0.06,40.0,0.06,0.06,0.06
04/06/2011,0.06,562.0,0.06,0.06,0.06
04/07/2011,0.06,34.0,0.06,0.06,0.06
04/08/2011,0.06,,0.06,0.06,0.06
04/11/2011,0.06,110.0,0.06,0.06,0.06
04/12/2011,0.06,,0.06,0.06,0.06
04/13/2011,0.06,,0.06,0.06,0.06
04/14/2011,0.06,70.0,0.06,0.06,0.06
04/15/2011,0.06,1209.0,0.06,0.06,0.06
04/18/2011,0.06,,0.06,0.06,0.06
04/19/2011,0.06,,0.06,0.06,0.06
04/20/2011,0.06,,0.06,0.06,0.06
04/21/2011,0.06,80.0,0.06,0.06,0.06
04/25/2011,0.06,24.0,0.1,0.1,0.06
04/26/2011,0.06,200.0,0.06,0.06,0.06
04/27/2011,0.06,,0.06,0.06,0.06
04/28/2011,0.06,,0.06,0.06,0.06
04/29/2011,0.06,26.0,0.1,0.1,0.06
05/02/2011,0.06,9.0,0.06,0.06,0.06
05/03/2011,0.06,,0.06,0.06,0.06
05/04/2011,0.06,,0.06,0.06,0.06
05/05/2011,0.06,24.0,0.06,0.06,0.06
05/06/2011,0.06,27.0,0.06,0.06,0.06
05/09/2011,0.065,180.0,0.065,0.065,0.065
05/10/2011,0.065,5652.0,0.065,0.065,0.065
05/11/2011,0.065,20.0,0.065,0.065,0.065
05/12/2011,0.065,660.0,0.065,0.065,0.065
05/13/2011,0.065,,0.065,0.065,0.065
05/16/2011,0.065,20.0,0.065,0.065,0.065
05/17/2011,0.065,,0.065,0.065,0.065
05/18/2011,0.065,123.0,0.065,0.065,0.065
05/19/2011,0.065,3.0,0.065,0.065,0.065
05/20/2011,0.065,,0.065,0.065,0.065
05/23/2011,0.19,6816.0,0.08,0.195,0.08
05/24/2011,0.15,1816.0,0.19,0.19,0.15
05/25/2011,0.1,88.0,0.1,0.1,0.1
05/26/2011,0.175,20.0,0.175,0.175,0.175
05/27/2011,0.1,24.0,0.1,0.1,0.1
05/31/2011,0.1,4.0,0.1,0.1,0.1
06/01/2011,0.1,5.0,0.1,0.1,0.1
06/02/2011,0.175,1004.0,0.105,0.175,0.105
06/03/2011,0.165,155.0,0.11,0.165,0.11
06/06/2011,0.165,,0.165,0.165,0.165
06/07/2011,0.165,,0.165,0.165,0.165
06/08/2011,0.11,213.0,0.11,0.11,0.11
06/09/2011,0.11,,0.11,0.11,0.11
06/10/2011,0.11,9.0,0.11,0.11,0.11
06/13/2011,0.11,6.0,0.11,0.11,0.11
06/14/2011,0.175,602.0,0.11,0.175,0.11
06/15/2011,0.11,4.0,0.11,0.11,0.11
06/16/2011,0.11,,0.11,0.11,0.11
06/17/2011,0.11,,0.11,0.11,0.11
06/20/2011,0.11,,0.11,0.11,0.11
06/21/2011,0.11,49.0,0.175,0.175,0.11
06/22/2011,0.11,,0.11,0.11,0.11
06/23/2011,0.11,30.0,0.11,0.11,0.11
06/24/2011,0.11,200.0,0.11,0.11,0.11
06/27/2011,0.11,30.0,0.11,0.11,0.11
06/28/2011,0.11,10.0,0.11,0.11,0.11
06/29/2011,0.11,,0.11,0.11,0.11
06/30/2011,0.175,1464.0,0.11,0.175,0.11
07/01/2011,0.11,30.0,0.11,0.11,0.11
07/05/2011,0.11,,0.11,0.11,0.11
07/06/2011,0.11,,0.11,0.11,0.11
07/07/2011,0.11,,0.11,0.11,0.11
07/08/2011,0.115,40.0,0.115,0.115,0.115
07/11/2011,0.125,50.0,0.125,0.125,0.125
07/12/2011,0.125,,0.125,0.125,0.125
07/13/2011,0.125,,0.125,0.125,0.125
07/14/2011,0.125,24.0,0.125,0.125,0.125
07/15/2011,0.125,202.0,0.11,0.125,0.11
07/18/2011,0.125,2.0,0.125,0.125,0.125
07/19/2011,0.125,,0.125,0.125,0.125
07/20/2011,0.125,54.0,0.125,0.125,0.125
07/21/2011,0.125,,0.125,0.125,0.125
07/22/2011,0.125,,0.125,0.125,0.125
07/25/2011,0.125,106.0,0.11,0.125,0.11
07/26/2011,0.125,200.0,0.125,0.125,0.125
07/27/2011,0.11,2310.0,0.125,0.125,0.11
07/28/2011,0.11,,0.11,0.11,0.11
07/29/2011,0.11,,0.11,0.11,0.11
08/01/2011,0.11,300.0,0.11,0.11,0.11
08/02/2011,0.11,,0.11,0.11,0.11
08/03/2011,0.1,20.0,0.1,0.1,0.1
08/04/2011,0.1,,0.1,0.1,0.1
08/05/2011,0.1,292.0,0.1,0.1,0.1
08/08/2011,0.1,100.0,0.1,0.1,0.1
08/09/2011,0.1,20.0,0.1,0.1,0.1
08/10/2011,0.15,123.0,0.1,0.15,0.1
08/11/2011,0.15,,0.15,0.15,0.15
08/12/2011,0.15,,0.15,0.15,0.15
08/15/2011,0.15,40.0,0.1,0.15,0.1
08/16/2011,0.15,,0.15,0.15,0.15
08/17/2011,0.1,30.0,0.1,0.1,0.1
08/18/2011,0.1,,0.1,0.1,0.1
08/19/2011,0.1,6.0,0.1,0.1,0.1
08/22/2011,0.15,2.0,0.15,0.15,0.15
08/23/2011,0.1,28.0,0.1,0.15,0.1
08/24/2011,0.1,160.0,0.1,0.1,0.1
08/25/2011,0.1,40.0,0.1,0.1,0.1
08/26/2011,0.1,438.0,0.1,0.1,0.1
08/29/2011,0.1,,0.1,0.1,0.1
08/30/2011,0.1,5.0,0.1,0.1,0.1
08/31/2011,0.1,,0.1,0.1,0.1
09/01/2011,0.1,,0.1,0.1,0.1
09/02/2011,0.1,122.0,0.1,0.1,0.1
09/06/2011,0.1,,0.1,0.1,0.1
09/07/2011,0.1,,0.1,0.1,0.1
09/08/2011,0.1,,0.1,0.1,0.1
09/09/2011,0.1,2.0,0.1,0.1,0.1
09/12/2011,0.15,2.0,0.15,0.15,0.15
09/13/2011,0.1,10.0,0.1,0.1,0.1
09/14/2011,0.1,,0.1,0.1,0.1
09/15/2011,0.1,,0.1,0.1,0.1
09/16/2011,0.1,170.0,0.1,0.1,0.1
09/19/2011,0.1,610.0,0.1,0.1,0.1
09/20/2011,0.1,,0.1,0.1,0.1
09/21/2011,0.1,,0.1,0.1,0.1
09/22/2011,0.1,,0.1,0.1,0.1
09/23/2011,0.1,21.0,0.1,0.1,0.1
09/26/2011,0.1,185.0,0.1,0.1,0.1
09/27/2011,0.1,251.0,0.1,0.1,0.1
09/28/2011,0.1,,0.1,0.1,0.1
09/29/2011,0.1,,0.1,0.1,0.1
09/30/2011,0.15,40.0,0.1,0.15,0.1
10/03/2011,0.1,20.0,0.1,0.1,0.1
10/04/2011,0.1,,0.1,0.1,0.1
10/05/2011,0.1,40.0,0.1,0.1,0.1
10/06/2011,0.1,,0.1,0.1,0.1
10/07/2011,0.1,70.0,0.1,0.15,0.1
10/10/2011,0.1,,0.1,0.1,0.1
10/11/2011,0.1,,0.1,0.1,0.1
10/12/2011,0.1,15.0,0.1,0.1,0.1
10/13/2011,0.1,238.0,0.1,0.1,0.1
10/14/2011,0.1,6.0,0.1,0.1,0.1
10/17/2011,0.1,24.0,0.1,0.1,0.1
10/18/2011,0.1,,0.1,0.1,0.1
10/19/2011,0.1,10.0,0.1,0.1,0.1
10/20/2011,0.1,,0.1,0.1,0.1
10/21/2011,0.1,140.0,0.1,0.1,0.1
10/24/2011,0.1,,0.1,0.1,0.1
10/25/2011,0.1,,0.1,0.1,0.1
10/26/2011,0.1,142.0,0.1,0.1,0.1
10/27/2011,0.1,,0.1,0.1,0.1
10/28/2011,0.1,,0.1,0.1,0.1
10/31/2011,0.1,72.0,0.15,0.15,0.1
11/01/2011,0.1,8.0,0.1,0.1,0.1
11/02/2011,0.1,,0.1,0.1,0.1
11/03/2011,0.15,200.0,0.15,0.15,0.15
11/04/2011,0.105,190.0,0.15,0.15,0.105
11/07/2011,0.105,12.0,0.105,0.105,0.105
11/08/2011,0.1,58857.0,0.105,0.105,0.05
11/09/2011,0.1,,0.1,0.1,0.1
11/10/2011,0.1,,0.1,0.1,0.1
11/11/2011,0.1,,0.1,0.1,0.1
11/14/2011,0.1,,0.1,0.1,0.1
11/15/2011,0.075,62.0,0.075,0.075,0.075
11/16/2011,0.095,36.0,0.075,0.095,0.075
11/17/2011,0.075,20.0,0.075,0.075,0.075
11/18/2011,0.075,106.0,0.075,0.075,0.075
11/21/2011,0.075,,0.075,0.075,0.075
11/22/2011,0.075,,0.075,0.075,0.075
11/23/2011,0.095,4200.0,0.095,0.095,0.095
11/25/2011,0.095,,0.095,0.095,0.095
11/28/2011,0.075,334.0,0.075,0.075,0.075
11/29/2011,0.075,,0.075,0.075,0.075
11/30/2011,0.06,403.0,0.075,0.075,0.06
12/01/2011,0.06,30.0,0.06,0.06,0.06
12/02/2011,0.06,280.0,0.06,0.06,0.06
12/05/2011,0.06,73.0,0.06,0.06,0.06
12/06/2011,0.095,7.0,0.06,0.095,0.06
12/07/2011,0.055,4426.0,0.06,0.06,0.055
12/08/2011,0.06,22.0,0.06,0.06,0.06
12/09/2011,0.06,134.0,0.06,0.06,0.06
12/12/2011,0.06,24.0,0.06,0.06,0.06
12/13/2011,0.06,435.0,0.06,0.09,0.06
12/14/2011,0.06,20.0,0.06,0.06,0.06
12/15/2011,0.06,3.0,0.06,0.06,0.06
12/16/2011,0.06,320.0,0.06,0.06,0.06
12/19/2011,0.06,32.0,0.06,0.06,0.06
12/20/2011,0.06,770.0,0.06,0.06,0.06
12/21/2011,0.06,170.0,0.06,0.06,0.06
12/22/2011,0.06,180.0,0.06,0.06,0.06
12/23/2011,0.06,323.0,0.06,0.06,0.06
12/27/2011,0.06,64.0,0.06,0.06,0.06
12/28/2011,0.06,63.0,0.06,0.06,0.06
12/29/2011,0.06,96.0,0.06,0.06,0.06
12/30/2011,0.06,159.0,0.06,0.06,0.06
01/03/2012,0.085,1026.0,0.06,0.085,0.055
01/04/2012,0.085,,0.085,0.085,0.085
01/05/2012,0.085,,0.085,0.085,0.085
01/06/2012,0.055,26.0,0.055,0.055,0.055
01/09/2012,0.055,440.0,0.055,0.055,0.055
01/10/2012,0.085,42.0,0.055,0.085,0.055
01/11/2012,0.085,,0.085,0.085,0.085
01/12/2012,0.055,10.0,0.055,0.055,0.055
01/13/2012,0.055,74.0,0.055,0.055,0.055
01/17/2012,0.055,7.0,0.055,0.055,0.055
01/18/2012,0.055,,0.055,0.055,0.055
01/19/2012,0.055,100.0,0.055,0.055,0.055
01/20/2012,0.055,46.0,0.055,0.055,0.055
01/23/2012,0.055,200.0,0.055,0.055,0.055
01/24/2012,0.055,,0.055,0.055,0.055
01/25/2012,0.085,430.0,0.085,0.085,0.085
01/26/2012,0.055,228.0,0.055,0.055,0.055
01/27/2012,0.085,20.0,0.085,0.085,0.085
01/30/2012,0.085,,0.085,0.085,0.085
01/31/2012,0.055,10.0,0.055,0.055,0.055
02/01/2012,0.055,260.0,0.085,0.085,0.055
02/02/2012,0.1,5750.0,0.085,0.1,0.075
02/03/2012,0.12,200.0,0.12,0.12,0.12
02/06/2012,0.1,40.0,0.075,0.1,0.075
02/07/2012,0.075,10.0,0.075,0.075,0.075
02/08/2012,0.075,,0.075,0.075,0.075
02/09/2012,0.075,,0.075,0.075,0.075
02/10/2012,0.075,,0.075,0.075,0.075
02/13/2012,0.075,460.0,0.075,0.075,0.075
02/14/2012,0.1,2000.0,0.1,0.1,0.1
02/15/2012,0.075,120.0,0.075,0.075,0.075
02/16/2012,0.085,402.0,0.1,0.1,0.085
02/17/2012,0.12,242.0,0.085,0.12,0.085
02/21/2012,0.12,,0.12,0.12,0.12
02/22/2012,0.12,,0.12,0.12,0.12
02/23/2012,0.08,10.0,0.08,0.08,0.08
02/24/2012,0.08,,0.08,0.08,0.08
02/27/2012,0.125,3064.0,0.09,0.125,0.09
02/28/2012,0.125,,0.125,0.125,0.125
02/29/2012,0.105,652.0,0.105,0.105,0.105
03/01/2012,0.105,,0.105,0.105,0.105
03/02/2012,0.105,,0.105,0.105,0.105
03/05/2012,0.105,20.0,0.105,0.105,0.105
03/06/2012,0.105,,0.105,0.105,0.105
03/07/2012,0.105,40.0,0.105,0.105,0.105
03/08/2012,0.105,90.0,0.105,0.125,0.105
03/09/2012,0.105,530.0,0.125,0.15,0.105
03/12/2012,0.15,1600.0,0.15,0.15,0.15
03/13/2012,0.125,560.0,0.125,0.13,0.125
03/14/2012,0.125,8.0,0.125,0.125,0.125
03/15/2012,0.125,630.0,0.125,0.15,0.125
03/16/2012,0.125,,0.125,0.125,0.125
03/19/2012,0.125,202.0,0.125,0.125,0.125
03/20/2012,0.125,40.0,0.125,0.125,0.125
03/21/2012,0.125,9.0,0.125,0.125,0.125
03/22/2012,0.125,,0.125,0.125,0.125
03/23/2012,0.125,,0.125,0.125,0.125
03/26/2012,0.15,50.0,0.125,0.15,0.125
03/27/2012,0.15,,0.15,0.15,0.15
03/28/2012,0.15,,0.15,0.15,0.15
03/29/2012,0.15,,0.15,0.15,0.15
03/30/2012,0.15,42.0,0.125,0.15,0.125
04/02/2012,0.15,275.0,0.1,0.15,0.1
04/03/2012,0.15,,0.15,0.15,0.15
04/04/2012,0.105,3.0,0.105,0.105,0.105
04/05/2012,0.105,10.0,0.105,0.105,0.105
04/09/2012,0.105,,0.105,0.105,0.105
04/10/2012,0.105,10.0,0.105,0.105,0.105
04/11/2012,0.105,,0.105,0.105,0.105
04/12/2012,0.105,30.0,0.105,0.105,0.105
04/13/2012,0.105,578.0,0.105,0.105,0.105
04/16/2012,0.105,6.0,0.105,0.105,0.105
04/17/2012,0.105,1080.0,0.105,0.105,0.105
04/18/2012,0.105,103.0,0.105,0.105,0.105
04/19/2012,0.105,30.0,0.105,0.105,0.105
04/20/2012,0.15,20.0,0.15,0.15,0.15
04/23/2012,0.25,12734.0,0.15,0.3,0.15
04/24/2012,0.15,700.0,0.25,0.25,0.15
04/25/2012,0.3,2440.0,0.125,0.3,0.1
04/26/2012,0.3,,0.3,0.3,0.3
04/27/2012,0.3,908.0,0.1,0.3,0.1
04/30/2012,0.15,20.0,0.15,0.15,0.15
05/01/2012,0.25,28.0,0.15,0.25,0.15
05/02/2012,0.15,700.0,0.15,0.25,0.15
05/03/2012,0.15,,0.15,0.15,0.15
05/04/2012,0.225,1496.0,0.155,0.25,0.155
05/07/2012,0.24,113.0,0.185,0.24,0.185
05/08/2012,0.24,,0.24,0.24,0.24
05/09/2012,0.15,726.0,0.185,0.185,0.15
05/10/2012,0.23,2927.0,0.15,0.23,0.15
05/11/2012,0.175,3700.0,0.23,0.23,0.175
05/14/2012,0.15,624.0,0.15,0.175,0.15
05/15/2012,0.125,2308.0,0.11,0.15,0.09
05/16/2012,0.125,1120.0,0.125,0.125,0.125
05/17/2012,0.125,2000.0,0.125,0.125,0.125
05/18/2012,0.125,23.0,0.125,0.125,0.125
05/21/2012,0.125,,0.125,0.125,0.125
05/22/2012,0.09,4432.0,0.14,0.175,0.09
05/23/2012,0.15,20.0,0.15,0.15,0.15
05/24/2012,0.15,48.0,0.09,0.15,0.09
05/25/2012,0.09,44.0,0.09,0.09,0.09
05/29/2012,0.14,3060.0,0.09,0.14,0.08
05/30/2012,0.075,12.0,0.075,0.075,0.075
05/31/2012,0.06,10.0,0.06,0.06,0.06
06/01/2012,0.06,70.0,0.06,0.06,0.06
06/04/2012,0.06,70.0,0.06,0.06,0.06
06/05/2012,0.08,400.0,0.08,0.08,0.08
06/06/2012,0.14,350.0,0.06,0.14,0.06
06/07/2012,0.15,200.0,0.15,0.15,0.15
06/08/2012,0.175,22.0,0.06,0.175,0.06
06/11/2012,0.175,57.0,0.06,0.175,0.06
06/12/2012,0.175,,0.175,0.175,0.175
06/13/2012,0.175,,0.175,0.175,0.175
06/14/2012,0.175,450.0,0.06,0.175,0.06
06/15/2012,0.175,,0.175,0.175,0.175
06/18/2012,0.06,26.0,0.06,0.06,0.06
06/19/2012,0.06,,0.06,0.06,0.06
06/20/2012,0.06,1006.0,0.06,0.175,0.06
06/21/2012,0.06,3332.0,0.05,0.085,0.05
06/22/2012,0.075,20.0,0.075,0.075,0.075
06/25/2012,0.075,,0.075,0.075,0.075
06/26/2012,0.075,22.0,0.06,0.075,0.06
06/27/2012,0.075,30.0,0.075,0.075,0.075
06/28/2012,0.075,34.0,0.075,0.075,0.075
06/29/2012,0.075,,0.075,0.075,0.075
07/02/2012,0.075,,0.075,0.075,0.075
07/03/2012,0.075,,0.075,0.075,0.075
07/05/2012,0.075,40.0,0.075,0.075,0.075
07/06/2012,0.075,,0.075,0.075,0.075
07/09/2012,0.075,13.0,0.075,0.075,0.075
07/10/2012,0.075,,0.075,0.075,0.075
07/11/2012,0.075,,0.075,0.075,0.075
07/12/2012,0.075,22.0,0.075,0.075,0.075
07/13/2012,0.165,32.0,0.165,0.165,0.165
07/16/2012,0.165,,0.165,0.165,0.165
07/17/2012,0.165,,0.165,0.165,0.165
07/18/2012,0.155,14.0,0.075,0.155,0.075
07/19/2012,0.155,,0.155,0.155,0.155
07/20/2012,0.155,,0.155,0.155,0.155
07/23/2012,0.155,,0.155,0.155,0.155
07/24/2012,0.155,,0.155,0.155,0.155
07/25/2012,0.155,,0.155,0.155,0.155
07/26/2012,0.075,22.0,0.075,0.075,0.075
07/27/2012,0.155,150.0,0.155,0.155,0.075
07/30/2012,0.075,107.0,0.075,0.075,0.075
07/31/2012,0.155,10.0,0.075,0.155,0.075
08/01/2012,0.155,,0.155,0.155,0.155
08/02/2012,0.15,80.0,0.075,0.15,0.075
08/03/2012,0.075,140.0,0.075,0.075,0.075
08/06/2012,0.075,2120.0,0.075,0.075,0.075
08/07/2012,0.075,,0.075,0.075,0.075
08/08/2012,0.125,1200.0,0.1,0.125,0.075
08/09/2012,0.075,20.0,0.075,0.075,0.075
08/10/2012,0.075,20.0,0.075,0.075,0.075
08/13/2012,0.075,,0.075,0.075,0.075
08/14/2012,0.075,,0.075,0.075,0.075
08/15/2012,0.075,4.0,0.075,0.075,0.075
08/16/2012,0.075,,0.075,0.075,0.075
08/17/2012,0.075,,0.075,0.075,0.075
08/20/2012,0.075,1110.0,0.075,0.075,0.075
08/21/2012,0.075,,0.075,0.075,0.075
08/22/2012,0.065,20.0,0.065,0.065,0.065
08/23/2012,0.12,300.0,0.12,0.12,0.12
08/24/2012,0.12,,0.12,0.12,0.12
08/27/2012,0.065,38.0,0.065,0.065,0.065
08/28/2012,0.065,60.0,0.065,0.065,0.065
08/29/2012,0.065,,0.065,0.065,0.065
08/30/2012,0.12,1949.0,0.065,0.12,0.065
08/31/2012,0.12,,0.12,0.12,0.12
09/04/2012,0.12,,0.12,0.12,0.12
09/05/2012,0.065,80.0,0.065,0.065,0.065
09/06/2012,0.065,,0.065,0.065,0.065
09/07/2012,0.065,,0.065,0.065,0.065
09/10/2012,0.065,,0.065,0.065,0.065
09/11/2012,0.125,140.0,0.07,0.125,0.07
09/12/2012,0.07,2417.0,0.07,0.07,0.07
09/13/2012,0.07,170.0,0.07,0.07,0.07
09/14/2012,0.07,62.0,0.07,0.07,0.07
09/17/2012,0.07,20.0,0.07,0.07,0.07
09/18/2012,0.07,40.0,0.07,0.07,0.07
09/19/2012,0.07,,0.07,0.07,0.07
09/20/2012,0.07,,0.07,0.07,0.07
09/21/2012,0.07,,0.07,0.07,0.07
09/24/2012,0.07,25.0,0.07,0.07,0.07
09/25/2012,0.07,40.0,0.07,0.07,0.07
09/26/2012,0.07,48.0,0.07,0.07,0.07
09/27/2012,0.07,,0.07,0.07,0.07
09/28/2012,0.14,140.0,0.07,0.14,0.07
10/01/2012,0.14,162.0,0.07,0.14,0.07
10/02/2012,0.14,150.0,0.07,0.14,0.07
10/03/2012,0.13,22.0,0.07,0.13,0.07
10/04/2012,0.13,,0.13,0.13,0.13
10/05/2012,0.13,,0.13,0.13,0.13
10/08/2012,0.13,,0.13,0.13,0.13
10/09/2012,0.07,50.0,0.07,0.07,0.07
10/10/2012,0.07,100.0,0.07,0.07,0.07
10/11/2012,0.07,,0.07,0.07,0.07
10/12/2012,0.07,,0.07,0.07,0.07
10/15/2012,0.08,62.0,0.08,0.08,0.08
10/16/2012,0.08,2.0,0.08,0.08,0.08
10/17/2012,0.08,31.0,0.08,0.08,0.08
10/18/2012,0.08,,0.08,0.08,0.08
10/19/2012,0.085,40.0,0.085,0.085,0.085
10/22/2012,0.085,4.0,0.085,0.085,0.085
10/23/2012,0.085,632.0,0.085,0.085,0.085
10/24/2012,0.085,,0.085,0.085,0.085
10/25/2012,0.085,48.0,0.085,0.085,0.085
10/26/2012,0.085,,0.085,0.085,0.085
10/31/2012,0.085,,0.085,0.085,0.085
11/01/2012,0.085,,0.085,0.085,0.085
11/02/2012,0.09,8.0,0.09,0.09,0.09
11/05/2012,0.09,,0.09,0.09,0.09
11/06/2012,0.09,,0.09,0.09,0.09
11/07/2012,0.085,10.0,0.085,0.085,0.085
11/08/2012,0.085,20.0,0.085,0.085,0.085
11/09/2012,0.085,10.0,0.085,0.085,0.085
11/12/2012,0.075,50.0,0.075,0.075,0.075
11/13/2012,0.075,52.0,0.075,0.075,0.075
11/14/2012,0.075,6.0,0.075,0.075,0.075
11/15/2012,0.085,40.0,0.085,0.085,0.085
11/16/2012,0.085,90.0,0.085,0.085,0.085
11/19/2012,0.1,300.0,0.075,0.1,0.075
11/20/2012,0.1,,0.1,0.1,0.1
11/21/2012,0.1,,0.1,0.1,0.1
11/23/2012,0.075,30.0,0.075,0.075,0.075
11/26/2012,0.075,20.0,0.075,0.075,0.075
11/27/2012,0.095,94.0,0.075,0.11,0.075
11/28/2012,0.11,417.0,0.11,0.11,0.11
11/29/2012,0.1,40.0,0.1,0.1,0.1
11/30/2012,0.1,44.0,0.1,0.1,0.1
12/03/2012,0.1,,0.1,0.1,0.1
12/04/2012,0.1,,0.1,0.1,0.1
12/05/2012,0.1,,0.1,0.1,0.1
12/06/2012,0.1,40.0,0.1,0.1,0.1
12/07/2012,0.1,20.0,0.1,0.1,0.1
12/10/2012,0.07,3132.0,0.1,0.1,0.07
12/11/2012,0.075,100.0,0.075,0.075,0.075
12/12/2012,0.075,,0.075,0.075,0.075
12/13/2012,0.075,180.0,0.075,0.075,0.075
12/14/2012,0.075,4.0,0.075,0.075,0.075
12/17/2012,0.075,,0.075,0.075,0.075
12/18/2012,0.075,20.0,0.075,0.075,0.075
12/19/2012,0.075,141.0,0.075,0.075,0.075
12/20/2012,0.075,244.0,0.075,0.1,0.075
12/21/2012,0.075,10.0,0.075,0.075,0.075
12/24/2012,0.12,984.0,0.075,0.12,0.075
12/26/2012,0.075,504.0,0.075,0.075,0.075
12/27/2012,0.075,217.0,0.075,0.075,0.075
12/28/2012,0.075,297.0,0.075,0.075,0.075
12/31/2012,0.075,235.0,0.075,0.075,0.075
01/02/2013,0.075,20.0,0.075,0.075,0.075
01/03/2013,0.075,103.0,0.075,0.075,0.075
01/04/2013,0.075,26.0,0.075,0.075,0.075
01/07/2013,0.075,52.0,0.075,0.075,0.075
01/08/2013,0.075,,0.075,0.075,0.075
01/09/2013,0.075,,0.075,0.075,0.075
01/10/2013,0.075,62.0,0.075,0.075,0.075
01/11/2013,0.075,60.0,0.075,0.075,0.075
01/14/2013,0.075,4.0,0.075,0.075,0.075
01/15/2013,0.075,15.0,0.075,0.075,0.075
01/16/2013,0.075,,0.075,0.075,0.075
01/17/2013,0.075,,0.075,0.075,0.075
01/18/2013,0.13,766.0,0.13,0.13,0.13
01/22/2013,0.14,808.0,0.075,0.14,0.075
01/23/2013,0.075,60.0,0.075,0.075,0.075
01/24/2013,0.075,1252.0,0.125,0.125,0.075
01/25/2013,0.075,,0.075,0.075,0.075
01/28/2013,0.075,,0.075,0.075,0.075
01/29/2013,0.075,70.0,0.075,0.075,0.075
01/30/2013,0.075,4.0,0.075,0.075,0.075
01/31/2013,0.075,20.0,0.075,0.075,0.075
02/01/2013,0.075,,0.075,0.075,0.075
02/04/2013,0.075,46.0,0.075,0.075,0.075
02/05/2013,0.075,8.0,0.075,0.075,0.075
02/06/2013,0.075,,0.075,0.075,0.075
02/07/2013,0.075,2.0,0.075,0.075,0.075
02/08/2013,0.075,,0.075,0.075,0.075
02/11/2013,0.075,60.0,0.075,0.075,0.075
02/12/2013,0.075,,0.075,0.075,0.075
02/13/2013,0.075,,0.075,0.075,0.075
02/14/2013,0.175,107.0,0.175,0.175,0.175
02/15/2013,0.15,3408.0,0.075,0.15,0.075
02/19/2013,0.075,100.0,0.075,0.075,0.075
02/20/2013,0.15,1234.0,0.15,0.15,0.15
02/21/2013,0.075,2760.0,0.15,0.15,0.075
02/22/2013,0.075,7838.0,0.1,0.1,0.075
02/25/2013,0.125,1830.0,0.05,0.125,0.05
02/26/2013,0.075,60.0,0.075,0.075,0.075
02/27/2013,0.075,,0.075,0.075,0.075
02/28/2013,0.075,,0.075,0.075,0.075
03/01/2013,0.075,,0.075,0.075,0.075
03/04/2013,0.075,,0.075,0.075,0.075
03/05/2013,0.085,6.0,0.085,0.085,0.085
03/06/2013,0.085,,0.085,0.085,0.085
03/07/2013,0.085,20.0,0.085,0.085,0.085
03/08/2013,0.085,10.0,0.085,0.085,0.085
03/11/2013,0.085,12.0,0.085,0.085,0.085
03/12/2013,0.085,18.0,0.085,0.085,0.085
03/13/2013,0.085,,0.085,0.085,0.085
03/14/2013,0.085,40.0,0.085,0.085,0.085
03/15/2013,0.085,20.0,0.085,0.085,0.085
03/18/2013,0.085,2.0,0.085,0.085,0.085
03/19/2013,0.085,12.0,0.085,0.085,0.085
03/20/2013,0.085,,0.085,0.085,0.085
03/21/2013,0.085,50.0,0.085,0.085,0.085
03/22/2013,0.085,20.0,0.085,0.085,0.085
03/25/2013,0.085,,0.085,0.085,0.085
03/26/2013,0.085,,0.085,0.085,0.085
03/27/2013,0.085,20.0,0.085,0.085,0.085
03/28/2013,0.085,,0.085,0.085,0.085
04/01/2013,0.085,,0.085,0.085,0.085
04/02/2013,0.15,20.0,0.15,0.15,0.15
04/03/2013,0.085,2.0,0.085,0.085,0.085
04/04/2013,0.085,,0.085,0.085,0.085
04/05/2013,0.085,2.0,0.085,0.085,0.085
04/08/2013,0.085,,0.085,0.085,0.085
04/09/2013,0.085,2.0,0.085,0.085,0.085
04/10/2013,0.085,,0.085,0.085,0.085
04/11/2013,0.085,10.0,0.085,0.085,0.085
04/12/2013,0.085,,0.085,0.085,0.085
04/15/2013,0.085,16.0,0.085,0.085,0.085
04/16/2013,0.085,30.0,0.085,0.085,0.085
04/17/2013,0.085,138.0,0.085,0.085,0.085
04/18/2013,0.085,,0.085,0.085,0.085
04/19/2013,0.085,4.0,0.085,0.085,0.085
04/22/2013,0.085,,0.085,0.085,0.085
04/23/2013,0.08,820.0,0.085,0.085,0.08
04/24/2013,0.08,6.0,0.08,0.08,0.08
04/25/2013,0.08,,0.08,0.08,0.08
04/26/2013,0.08,30.0,0.08,0.08,0.08
04/29/2013,0.08,,0.08,0.08,0.08
04/30/2013,0.08,,0.08,0.08,0.08
05/01/2013,0.08,5.0,0.08,0.08,0.08
05/02/2013,0.08,,0.08,0.08,0.08
05/03/2013,0.08,6.0,0.08,0.08,0.08
05/06/2013,0.06,11600.0,0.08,0.08,0.06
05/07/2013,0.06,5.0,0.06,0.06,0.06
05/08/2013,0.06,2.0,0.06,0.06,0.06
05/09/2013,0.055,15.0,0.055,0.055,0.055
05/10/2013,0.055,,0.055,0.055,0.055
05/13/2013,0.055,8000.0,0.055,0.055,0.055
05/14/2013,0.055,15.0,0.055,0.055,0.055
05/15/2013,0.055,20.0,0.055,0.055,0.055
05/16/2013,0.055,,0.055,0.055,0.055
05/17/2013,0.055,,0.055,0.055,0.055
05/20/2013,0.055,20.0,0.055,0.055,0.055
05/21/2013,0.055,142.0,0.055,0.055,0.055
05/22/2013,0.055,2180.0,0.055,0.055,0.055
05/23/2013,0.055,,0.055,0.055,0.055
05/24/2013,0.05,20.0,0.05,0.05,0.05
05/28/2013,0.05,324.0,0.05,0.05,0.05
05/29/2013,0.05,105.0,0.05,0.05,0.05
05/30/2013,0.05,,0.05,0.05,0.05
05/31/2013,0.05,10.0,0.05,0.05,0.05
06/03/2013,0.05,,0.05,0.05,0.05
06/04/2013,0.05,200.0,0.05,0.05,0.05
06/05/2013,0.05,,0.05,0.05,0.05
06/06/2013,0.05,,0.05,0.05,0.05
06/07/2013,0.05,,0.05,0.05,0.05
06/10/2013,0.05,2.0,0.05,0.05,0.05
06/11/2013,0.05,,0.05,0.05,0.05
06/12/2013,0.05,36.0,0.05,0.05,0.05
06/13/2013,0.05,,0.05,0.05,0.05
06/14/2013,0.05,5.0,0.05,0.05,0.05
06/17/2013,0.05,,0.05,0.05,0.05
06/18/2013,0.05,,0.05,0.05,0.05
06/19/2013,0.05,,0.05,0.05,0.05
06/20/2013,0.05,801.0,0.05,0.05,0.05
06/21/2013,0.05,202.0,0.05,0.05,0.05
06/24/2013,0.05,,0.05,0.05,0.05
06/25/2013,0.05,,0.05,0.05,0.05
06/26/2013,0.05,,0.05,0.05,0.05
06/27/2013,0.05,660.0,0.05,0.05,0.05
06/28/2013,0.05,,0.05,0.05,0.05
07/01/2013,0.05,,0.05,0.05,0.05
07/02/2013,0.05,,0.05,0.05,0.05
07/03/2013,0.05,60.0,0.05,0.05,0.05
07/05/2013,0.05,10.0,0.05,0.05,0.05
07/08/2013,0.05,43.0,0.05,0.05,0.05
07/09/2013,0.05,51.0,0.05,0.05,0.05
07/10/2013,0.055,3127.0,0.04,0.055,0.04
07/11/2013,0.05,20.0,0.05,0.05,0.05
07/12/2013,0.05,20.0,0.05,0.05,0.05
07/15/2013,0.05,10.0,0.05,0.05,0.05
07/16/2013,0.05,140.0,0.05,0.05,0.05
07/17/2013,0.05,109.0,0.05,0.05,0.05
07/18/2013,0.055,2.0,0.055,0.055,0.055
07/19/2013,0.055,,0.055,0.055,0.055
07/22/2013,0.055,100.0,0.055,0.055,0.055
07/23/2013,0.055,88.0,0.055,0.055,0.055
07/24/2013,0.055,2163.0,0.055,0.06,0.055
07/25/2013,0.055,,0.055,0.055,0.055
07/26/2013,0.055,311.0,0.06,0.06,0.055
07/29/2013,0.055,,0.055,0.055,0.055
07/30/2013,0.055,,0.055,0.055,0.055
07/31/2013,0.055,,0.055,0.055,0.055
08/01/2013,0.055,60.0,0.055,0.055,0.055
08/02/2013,0.055,,0.055,0.055,0.055
08/05/2013,0.055,20.0,0.055,0.055,0.055
08/06/2013,0.055,6.0,0.055,0.055,0.055
08/07/2013,0.055,,0.055,0.055,0.055
08/08/2013,0.055,,0.055,0.055,0.055
08/09/2013,0.055,,0.055,0.055,0.055
08/12/2013,0.055,,0.055,0.055,0.055
08/13/2013,0.045,200.0,0.045,0.045,0.045
08/14/2013,0.045,,0.045,0.045,0.045
08/15/2013,0.045,160.0,0.045,0.045,0.045
08/16/2013,0.045,20.0,0.045,0.045,0.045
08/19/2013,0.045,,0.045,0.045,0.045
08/20/2013,0.045,90.0,0.045,0.045,0.045
08/21/2013,0.045,,0.045,0.045,0.045
08/22/2013,0.045,2643.0,0.045,0.045,0.045
08/23/2013,0.045,,0.045,0.045,0.045
08/26/2013,0.045,40.0,0.045,0.045,0.045
08/27/2013,0.045,4.0,0.045,0.045,0.045
08/28/2013,0.045,,0.045,0.045,0.045
08/29/2013,0.045,100.0,0.045,0.045,0.045
08/30/2013,0.045,,0.045,0.045,0.045
09/03/2013,0.045,,0.045,0.045,0.045
09/04/2013,0.045,,0.045,0.045,0.045
09/05/2013,0.045,,0.045,0.045,0.045
09/06/2013,0.045,795.0,0.045,0.045,0.045
09/09/2013,0.045,,0.045,0.045,0.045
09/10/2013,0.045,78.0,0.045,0.045,0.045
09/11/2013,0.045,24.0,0.045,0.045,0.045
09/12/2013,0.045,6.0,0.045,0.045,0.045
09/13/2013,0.105,5520.0,0.06,0.115,0.06
09/16/2013,0.105,26.0,0.105,0.105,0.105
09/17/2013,0.105,,0.105,0.105,0.105
09/18/2013,0.09,3014.0,0.105,0.115,0.09
09/19/2013,0.09,74.0,0.09,0.09,0.09
09/20/2013,0.09,54.0,0.09,0.09,0.09
09/23/2013,0.09,6.0,0.09,0.09,0.09
09/24/2013,0.09,,0.09,0.09,0.09
09/25/2013,0.09,19.0,0.09,0.09,0.09
09/26/2013,0.09,56.0,0.09,0.09,0.09
09/27/2013,0.09,,0.09,0.09,0.09
09/30/2013,0.09,6.0,0.09,0.09,0.09
10/01/2013,0.09,,0.09,0.09,0.09
10/02/2013,0.09,,0.09,0.09,0.09
10/03/2013,0.09,,0.09,0.09,0.09
10/04/2013,0.09,,0.09,0.09,0.09
10/07/2013,0.09,60.0,0.09,0.09,0.09
10/08/2013,0.09,11.0,0.09,0.09,0.09
10/09/2013,0.09,,0.09,0.09,0.09
10/10/2013,0.09,,0.09,0.09,0.09
10/11/2013,0.09,18.0,0.09,0.09,0.09
10/14/2013,0.09,20.0,0.09,0.09,0.09
10/15/2013,0.09,,0.09,0.09,0.09
10/16/2013,0.09,12.0,0.09,0.09,0.09
10/17/2013,0.09,,0.09,0.09,0.09
10/18/2013,0.09,130.0,0.09,0.09,0.09
10/21/2013,0.09,10.0,0.09,0.09,0.09
10/22/2013,0.09,320.0,0.09,0.09,0.09
10/23/2013,0.09,2.0,0.09,0.09,0.09
10/24/2013,0.09,,0.09,0.09,0.09
10/25/2013,0.09,24.0,0.09,0.09,0.09
10/28/2013,0.09,522.0,0.09,0.09,0.09
10/29/2013,0.08,4.0,0.08,0.08,0.08
10/30/2013,0.08,10.0,0.08,0.08,0.08
10/31/2013,0.08,,0.08,0.08,0.08
11/01/2013,0.08,,0.08,0.08,0.08
11/04/2013,0.08,,0.08,0.08,0.08
11/05/2013,0.08,42.0,0.08,0.08,0.08
11/06/2013,0.08,,0.08,0.08,0.08
11/07/2013,0.08,10.0,0.08,0.08,0.08
11/08/2013,0.08,,0.08,0.08,0.08
11/11/2013,0.08,6.0,0.08,0.08,0.08
11/12/2013,0.08,102.0,0.08,0.08,0.08
11/13/2013,0.08,6.0,0.08,0.08,0.08
11/14/2013,0.08,,0.08,0.08,0.08
11/15/2013,0.08,,0.08,0.08,0.08
11/18/2013,0.08,,0.08,0.08,0.08
11/19/2013,0.08,5.0,0.08,0.08,0.08
11/20/2013,0.08,,0.08,0.08,0.08
11/21/2013,0.05,4543.0,0.08,0.08,0.05
11/22/2013,0.05,,0.05,0.05,0.05
11/25/2013,0.05,2199.0,0.05,0.05,0.04
11/26/2013,0.05,,0.05,0.05,0.05
11/27/2013,0.04,160.0,0.04,0.04,0.04
11/29/2013,0.04,,0.04,0.04,0.04
12/02/2013,0.04,,0.04,0.04,0.04
12/03/2013,0.04,800.0,0.04,0.04,0.04
12/04/2013,0.04,,0.04,0.04,0.04
12/05/2013,0.04,,0.04,0.04,0.04
12/06/2013,0.04,34.0,0.04,0.04,0.04
12/09/2013,0.04,262.0,0.04,0.04,0.04
12/10/2013,0.04,90.0,0.04,0.04,0.04
12/11/2013,0.04,,0.04,0.04,0.04
12/12/2013,0.04,40.0,0.04,0.04,0.04
12/13/2013,0.04,190.0,0.04,0.04,0.04
12/16/2013,0.04,60.0,0.04,0.04,0.04
12/17/2013,0.04,20.0,0.04,0.04,0.04
12/18/2013,0.04,100.0,0.04,0.04,0.04
12/19/2013,0.04,10560.0,0.04,0.05,0.035
12/20/2013,0.04,158.0,0.04,0.04,0.04
12/23/2013,0.04,250.0,0.04,0.04,0.04
12/24/2013,0.04,20.0,0.04,0.04,0.04
12/26/2013,0.035,42.0,0.035,0.04,0.035
12/27/2013,0.035,240.0,0.035,0.035,0.035
12/30/2013,0.035,262.0,0.035,0.035,0.035
12/31/2013,0.035,70.0,0.035,0.035,0.035
01/02/2014,0.035,18.0,0.035,0.035,0.035
01/03/2014,0.035,4.0,0.035,0.035,0.035
01/06/2014,0.035,,0.035,0.035,0.035
01/07/2014,0.035,,0.035,0.035,0.035
01/08/2014,0.035,30.0,0.035,0.035,0.035
01/09/2014,0.035,151.0,0.035,0.035,0.035
01/10/2014,0.035,,0.035,0.035,0.035
01/13/2014,0.035,,0.035,0.035,0.035
01/14/2014,0.035,,0.035,0.035,0.035
01/15/2014,0.035,10.0,0.035,0.035,0.035
01/16/2014,0.175,59580.0,0.035,0.25,0.035
01/17/2014,0.135,1200.0,0.15,0.15,0.135
01/21/2014,0.13,7292.0,0.495,0.495,0.13
01/22/2014,0.13,1400.0,0.135,0.135,0.13
01/23/2014,0.13,184.0,0.13,0.13,0.13
01/24/2014,0.13,10.0,0.13,0.13,0.13
01/27/2014,0.13,,0.13,0.13,0.13
01/28/2014,0.13,,0.13,0.13,0.13
01/29/2014,0.13,,0.13,0.13,0.13
01/30/2014,0.105,1000.0,0.13,0.13,0.105
01/31/2014,0.1,71.0,0.1,0.1,0.1
02/03/2014,0.1,,0.1,0.1,0.1
02/04/2014,0.1,,0.1,0.1,0.1
02/05/2014,0.1,,0.1,0.1,0.1
02/06/2014,0.1,,0.1,0.1,0.1
02/07/2014,0.1,,0.1,0.1,0.1
02/10/2014,0.1,,0.1,0.1,0.1
02/11/2014,0.1,,0.1,0.1,0.1
02/12/2014,0.08,4.0,0.08,0.08,0.08
02/13/2014,0.08,,0.08,0.08,0.08
02/14/2014,0.08,,0.08,0.08,0.08
02/18/2014,0.08,78.0,0.08,0.08,0.08
02/19/2014,0.08,80.0,0.08,0.08,0.08
02/20/2014,0.08,,0.08,0.08,0.08
02/21/2014,0.08,,0.08,0.08,0.08
02/24/2014,0.08,200.0,0.08,0.08,0.08
02/25/2014,0.08,,0.08,0.08,0.08
02/26/2014,0.15,300.0,0.15,0.15,0.15
02/27/2014,0.08,200.0,0.08,0.08,0.08
02/28/2014,0.08,,0.08,0.08,0.08
03/03/2014,0.08,12.0,0.08,0.08,0.08
03/04/2014,0.08,500.0,0.08,0.08,0.08
03/05/2014,0.08,23.0,0.08,0.08,0.08
03/06/2014,0.08,,0.08,0.08,0.08
03/07/2014,0.08,4.0,0.08,0.08,0.08
03/10/2014,0.08,1561.0,0.1,0.1,0.08
03/11/2014,0.08,10.0,0.08,0.08,0.08
03/12/2014,0.08,,0.08,0.08,0.08
03/13/2014,0.125,5621.0,0.1,0.145,0.1
03/14/2014,0.11,601.0,0.11,0.11,0.11
03/17/2014,0.18,30943.0,0.18,0.23,0.125
03/18/2014,0.18,,0.18,0.18,0.18
03/19/2014,0.18,,0.18,0.18,0.18
03/20/2014,0.18,,0.18,0.18,0.18
03/21/2014,0.175,40.0,0.175,0.175,0.175
03/24/2014,0.175,96.0,0.175,0.175,0.175
03/25/2014,0.225,10870.0,0.175,0.245,0.15
03/26/2014,0.2,43.0,0.2,0.2,0.2
03/27/2014,0.15,3300.0,0.2,0.2,0.15
03/28/2014,0.15,2.0,0.15,0.15,0.15
03/31/2014,0.15,636.0,0.15,0.15,0.15
04/01/2014,0.15,,0.15,0.15,0.15
04/02/2014,0.16,12.0,0.16,0.16,0.16
04/03/2014,0.16,40.0,0.16,0.16,0.16
04/04/2014,0.16,,0.16,0.16,0.16
04/07/2014,0.16,2.0,0.16,0.16,0.16
04/08/2014,0.16,1054.0,0.16,0.16,0.16
04/09/2014,0.16,,0.16,0.16,0.16
04/10/2014,0.16,60.0,0.16,0.16,0.16
04/11/2014,0.16,23.0,0.16,0.16,0.16
04/14/2014,0.16,20.0,0.16,0.16,0.16
04/15/2014,0.16,10.0,0.16,0.16,0.16
04/16/2014,0.16,,0.16,0.16,0.16
04/17/2014,0.16,29.0,0.16,0.16,0.16
04/21/2014,0.16,744.0,0.16,0.16,0.16
04/22/2014,0.16,,0.16,0.16,0.16
04/23/2014,0.16,,0.16,0.16,0.16
04/24/2014,0.375,47653.0,0.16,0.375,0.16
04/25/2014,0.25,13576.0,0.35,0.35,0.25
04/28/2014,0.2,8207.0,0.2,0.2,0.155
04/29/2014,0.22,1205.0,0.2,0.22,0.2
04/30/2014,0.285,16484.0,0.26,0.325,0.255
05/01/2014,0.275,14380.0,0.285,0.285,0.26
05/02/2014,0.65,66970.0,0.3,0.825,0.3
05/05/2014,0.685,30014.0,0.63,0.71,0.5
05/06/2014,0.51,9524.0,0.685,0.685,0.51
05/07/2014,0.55,7114.0,0.51,0.685,0.5
05/08/2014,0.505,14702.0,0.55,0.68,0.4
05/09/2014,0.41,1600.0,0.45,0.45,0.41
05/12/2014,0.42,266.0,0.5,0.5,0.42
05/13/2014,0.42,1454.0,0.42,0.42,0.42
05/14/2014,0.38,2509.0,0.375,0.425,0.375
05/15/2014,0.5,4342.0,0.4,0.6,0.4
05/16/2014,0.5,1850.0,0.5,0.5,0.5
05/19/2014,0.41,236.0,0.41,0.41,0.41
05/20/2014,0.41,,0.41,0.41,0.41
05/21/2014,0.41,,0.41,0.41,0.41
05/22/2014,0.45,400.0,0.45,0.45,0.45
05/23/2014,0.545,4453.0,0.545,0.55,0.48
05/27/2014,0.645,1800.0,0.48,0.645,0.48
05/28/2014,0.495,6140.0,0.515,0.595,0.46
05/29/2014,0.54,4040.0,0.495,0.54,0.495
05/30/2014,0.475,2820.0,0.53,0.53,0.475
06/02/2014,0.45,2482.0,0.53,0.53,0.45
06/03/2014,0.42,7400.0,0.435,0.44,0.42
06/04/2014,0.42,4800.0,0.4,0.42,0.4
06/05/2014,0.42,,0.42,0.42,0.42
06/06/2014,0.47,81.0,0.38,0.47,0.38
06/09/2014,0.385,7.0,0.385,0.385,0.385
06/10/2014,0.445,14431.0,0.39,0.445,0.345
06/11/2014,0.34,4710.0,0.345,0.35,0.31
06/12/2014,0.34,2704.0,0.36,0.43,0.34
06/13/2014,0.3,20.0,0.3,0.3,0.3
06/16/2014,0.415,2000.0,0.415,0.415,0.415
06/17/2014,0.305,400.0,0.305,0.305,0.305
06/18/2014,0.31,420.0,0.31,0.31,0.31
06/19/2014,0.3,1330.0,0.31,0.31,0.3
06/20/2014,0.21,21690.0,0.26,0.265,0.21
06/23/2014,0.4,55146.0,0.225,0.75,0.175
06/24/2014,0.47,3742.0,0.5,0.525,0.33
06/25/2014,0.47,4916.0,0.475,0.475,0.305
06/26/2014,0.395,5844.0,0.305,0.44,0.3
06/27/2014,0.375,1212.0,0.415,0.415,0.35
06/30/2014,0.41,2000.0,0.425,0.425,0.41
07/01/2014,0.41,400.0,0.41,0.41,0.41
07/02/2014,0.4,18.0,0.4,0.4,0.4
07/03/2014,0.4,,0.4,0.4,0.4
07/07/2014,0.385,1767.0,0.205,0.4,0.205
07/08/2014,0.455,13449.0,0.35,0.6,0.35
07/09/2014,0.5,524.0,0.425,0.5,0.425
07/10/2014,0.62,5610.0,0.5,0.625,0.5
07/11/2014,0.62,320.0,0.62,0.62,0.62
07/14/2014,0.425,480.0,0.43,0.43,0.425
07/15/2014,0.425,719.0,0.425,0.425,0.425
07/16/2014,0.435,580.0,0.435,0.435,0.435
07/17/2014,0.435,,0.435,0.435,0.435
07/18/2014,0.395,1207.0,0.4,0.4,0.325
07/21/2014,0.395,,0.395,0.395,0.395
07/22/2014,0.395,,0.395,0.395,0.395
07/23/2014,0.4,2500.0,0.305,0.4,0.305
07/24/2014,0.4,912.0,0.395,0.4,0.395
07/25/2014,0.35,1200.0,0.4,0.4,0.35
07/28/2014,0.35,120.0,0.215,0.35,0.215
07/29/2014,0.35,,0.35,0.35,0.35
07/30/2014,0.225,4568.0,0.35,0.35,0.22
07/31/2014,0.23,2000.0,0.23,0.23,0.23
08/01/2014,0.23,648.0,0.23,0.23,0.23
08/04/2014,0.28,1783.0,0.25,0.28,0.25
08/05/2014,0.4,20.0,0.245,0.4,0.245
08/06/2014,0.4,18.0,0.23,0.4,0.23
08/07/2014,0.4,26.0,0.165,0.4,0.165
08/08/2014,0.4,,0.4,0.4,0.4
08/11/2014,0.4,,0.4,0.4,0.4
08/12/2014,0.4,,0.4,0.4,0.4
08/13/2014,0.4,,0.4,0.4,0.4
08/14/2014,0.4,,0.4,0.4,0.4
08/15/2014,0.4,,0.4,0.4,0.4
08/18/2014,0.35,807.0,0.165,0.35,0.165
08/19/2014,0.35,,0.35,0.35,0.35
08/20/2014,0.4,310.0,0.165,0.4,0.165
08/21/2014,0.1,960.0,0.15,0.15,0.09
08/22/2014,0.63,4101.0,0.65,0.65,0.63
08/25/2014,0.58,432.0,0.64,0.64,0.58
08/26/2014,0.58,,0.58,0.58,0.58
08/27/2014,0.58,,0.58,0.58,0.58
08/28/2014,0.63,301.0,0.14,0.63,0.14
08/29/2014,0.63,,0.63,0.63,0.63
09/02/2014,0.45,5528.0,0.59,0.59,0.45
09/03/2014,0.3,4935.0,0.35,0.5,0.3
09/04/2014,0.3,7672.0,0.35,0.35,0.2
09/05/2014,0.25,2000.0,0.25,0.25,0.25
09/08/2014,0.25,,0.25,0.25,0.25
09/09/2014,0.215,10000.0,0.215,0.215,0.215
09/10/2014,0.2,1277.0,0.2,0.2,0.2
09/11/2014,0.2,,0.2,0.2,0.2
09/12/2014,0.2,,0.2,0.2,0.2
09/15/2014,0.2,280.0,0.2,0.2,0.2
09/16/2014,0.2,,0.2,0.2,0.2
09/17/2014,0.18,4507.0,0.18,0.18,0.18
09/18/2014,0.18,,0.18,0.18,0.18
09/19/2014,0.18,,0.18,0.18,0.18
09/22/2014,0.2,920.0,0.2,0.2,0.2
09/23/2014,0.2,23238.0,0.25,0.4,0.2
09/24/2014,0.2,,0.2,0.2,0.2
09/25/2014,0.2,,0.2,0.2,0.2
09/26/2014,0.2,,0.2,0.2,0.2
09/29/2014,0.2,,0.2,0.2,0.2
09/30/2014,0.2,224.0,0.2,0.2,0.2
10/01/2014,0.2,,0.2,0.2,0.2
10/02/2014,0.2,,0.2,0.2,0.2
10/03/2014,0.2,,0.2,0.2,0.2
10/06/2014,0.2,,0.2,0.2,0.2
10/07/2014,0.18,6198.0,0.18,0.18,0.1799
10/08/2014,0.18,,0.18,0.18,0.18
10/09/2014,0.15,12740.0,0.1,0.15,0.1
10/10/2014,0.17,1127.0,0.17,0.17,0.17
10/13/2014,0.35,46209.0,0.42,0.45,0.2
10/14/2014,0.45,14200.0,0.63,0.63,0.261
10/15/2014,0.5,698.0,0.5998,0.5998,0.5
10/16/2014,0.41,26516.0,0.75,0.75,0.41
10/17/2014,0.41,,0.41,0.41,0.41
10/20/2014,0.5,9148.0,0.5,0.51,0.5
10/21/2014,0.0201,2225.0,0.3,0.3,0.0201
10/22/2014,0.35,302.0,0.35,0.35,0.35
10/23/2014,0.35,,0.35,0.35,0.35
10/24/2014,0.35,,0.35,0.35,0.35
10/27/2014,0.07,619.0,0.49,0.49,0.07
10/28/2014,0.07,,0.07,0.07,0.07
10/29/2014,0.05,955.0,0.05,0.05,0.05
10/30/2014,0.2,955.0,0.2,0.2,0.2
10/31/2014,0.2,,0.2,0.2,0.2
11/03/2014,0.2,,0.2,0.2,0.2
11/04/2014,0.2,,0.2,0.2,0.2
11/05/2014,0.2,1231.0,0.2,0.2,0.2
11/06/2014,0.2,,0.2,0.2,0.2
11/07/2014,0.2,101.0,0.2,0.2,0.2
11/10/2014,0.2,,0.2,0.2,0.2
11/11/2014,0.2,,0.2,0.2,0.2
11/12/2014,0.05,350.0,0.05,0.05,0.05
11/13/2014,0.05,,0.05,0.05,0.05
11/14/2014,0.05,,0.05,0.05,0.05
11/17/2014,0.05,37.0,0.05,0.05,0.05
11/18/2014,0.15,582.0,0.15,0.15,0.15
11/19/2014,0.4998,9100.0,0.15,0.4999,0.15
11/20/2014,0.45,150.0,0.45,0.45,0.45
11/21/2014,0.45,,0.45,0.45,0.45
11/24/2014,0.45,,0.45,0.45,0.45
11/25/2014,0.45,,0.45,0.45,0.45
11/26/2014,0.34,2167.0,0.34,0.34,0.34
11/28/2014,0.34,,0.34,0.34,0.34
12/01/2014,0.12,1716.0,0.2,0.2,0.12
12/02/2014,0.12,101.0,0.12,0.12,0.12
12/03/2014,0.12,,0.12,0.12,0.12
12/04/2014,0.12,,0.12,0.12,0.12
12/05/2014,0.12,,0.12,0.12,0.12
12/08/2014,0.12,,0.12,0.12,0.12
12/09/2014,0.0501,389.0,0.0501,0.0501,0.0501
12/10/2014,0.0501,,0.0501,0.0501,0.0501
12/11/2014,0.0501,,0.0501,0.0501,0.0501
12/12/2014,0.0501,393.0,0.0501,0.0501,0.0501
12/15/2014,0.12,9107.0,0.12,0.12,0.12
12/16/2014,0.06,147.0,0.06,0.06,0.06
12/17/2014,0.09,24338.0,0.09,0.09,0.09
12/18/2014,0.11,7928.0,0.11,0.12,0.11
12/19/2014,0.0602,154.0,0.0602,0.0602,0.0602
12/22/2014,0.0602,6015.0,0.0602,0.0602,0.0602
12/23/2014,0.0602,100.0,0.0602,0.0602,0.0602
12/24/2014,0.06,101.0,0.06,0.06,0.06
12/26/2014,0.06,,0.06,0.06,0.06
12/29/2014,0.06,,0.06,0.06,0.06
12/30/2014,0.06,2052.0,0.06,0.06,0.06
12/31/2014,0.06,2114.0,0.06,0.06,0.06
01/02/2015,0.07,150.0,0.07,0.07,0.07
01/05/2015,0.07,,0.07,0.07,0.07
01/06/2015,0.07,,0.07,0.07,0.07
01/07/2015,0.07,,0.07,0.07,0.07
01/08/2015,0.07,,0.07,0.07,0.07
01/09/2015,0.15,1198.0,0.07,0.15,0.07
01/12/2015,0.07,4568.0,0.07,0.07,0.07
01/13/2015,0.1,1400.0,0.1,0.1,0.1
01/14/2015,0.0601,155.0,0.0601,0.0601,0.0601
01/15/2015,0.0601,,0.0601,0.0601,0.0601
01/16/2015,0.0601,,0.0601,0.0601,0.0601
01/20/2015,0.06,6589.0,0.06,0.06,0.06
01/21/2015,0.06,,0.06,0.06,0.06
01/22/2015,0.06,,0.06,0.06,0.06
01/23/2015,0.06,,0.06,0.06,0.06
01/26/2015,0.11,4436.0,0.11,0.11,0.11
01/27/2015,0.11,,0.11,0.11,0.11
01/28/2015,0.11,,0.11,0.11,0.11
01/29/2015,0.062,120.0,0.062,0.062,0.062
01/30/2015,0.062,4600.0,0.062,0.062,0.062
02/02/2015,0.07,100.0,0.07,0.07,0.07
02/03/2015,0.07,,0.07,0.07,0.07
02/04/2015,0.07,,0.07,0.07,0.07
02/05/2015,0.07,,0.07,0.07,0.07
02/06/2015,0.07,,0.07,0.07,0.07
02/09/2015,0.129,3120.0,0.1,0.129,0.1
02/10/2015,0.062,629.0,0.062,0.062,0.062
02/11/2015,0.062,,0.062,0.062,0.062
02/12/2015,0.062,,0.062,0.062,0.062
02/13/2015,0.062,,0.062,0.062,0.062
02/17/2015,0.062,,0.062,0.062,0.062
02/18/2015,0.0735,340.0,0.0735,0.0735,0.0735
02/19/2015,0.0735,,0.0735,0.0735,0.0735
02/20/2015,0.0735,,0.0735,0.0735,0.0735
02/23/2015,0.0735,,0.0735,0.0735,0.0735
02/24/2015,0.0735,,0.0735,0.0735,0.0735
02/25/2015,0.0735,,0.0735,0.0735,0.0735
02/26/2015,0.065,100.0,0.065,0.065,0.065
02/27/2015,0.065,,0.065,0.065,0.065
03/02/2015,0.065,,0.065,0.065,0.065
03/03/2015,0.065,,0.065,0.065,0.065
03/04/2015,0.065,3902.0,0.065,0.065,0.065
03/05/2015,0.065,,0.065,0.065,0.065
03/06/2015,0.065,222.0,0.065,0.065,0.065
03/09/2015,0.065,,0.065,0.065,0.065
03/10/2015,0.065,,0.065,0.065,0.065
03/11/2015,0.065,,0.065,0.065,0.065
03/12/2015,0.065,,0.065,0.065,0.065
03/13/2015,0.065,,0.065,0.065,0.065
03/16/2015,0.065,,0.065,0.065,0.065
03/17/2015,0.065,,0.065,0.065,0.065
03/18/2015,0.065,,0.065,0.065,0.065
03/19/2015,0.065,,0.065,0.065,0.065
03/20/2015,0.065,,0.065,0.065,0.065
03/23/2015,0.065,,0.065,0.065,0.065
03/24/2015,0.065,,0.065,0.065,0.065
03/25/2015,0.15,2500.0,0.15,0.15,0.15
03/26/2015,0.15,,0.15,0.15,0.15
03/27/2015,0.065,6495.0,0.065,0.065,0.065
03/30/2015,0.072,9643.0,0.072,0.072,0.072
03/31/2015,0.072,,0.072,0.072,0.072
04/01/2015,0.072,,0.072,0.072,0.072
04/02/2015,0.072,,0.072,0.072,0.072
04/06/2015,0.072,,0.072,0.072,0.072
04/07/2015,0.072,,0.072,0.072,0.072
04/08/2015,0.072,,0.072,0.072,0.072
04/09/2015,0.072,,0.072,0.072,0.072
04/10/2015,0.145,730.0,0.145,0.145,0.145
04/13/2015,0.0651,350.0,0.0651,0.0651,0.0651
04/14/2015,0.0651,1452.0,0.0651,0.0651,0.0651
04/15/2015,0.0651,,0.0651,0.0651,0.0651
04/16/2015,0.0651,,0.0651,0.0651,0.0651
04/17/2015,0.0651,,0.0651,0.0651,0.0651
04/20/2015,0.0651,,0.0651,0.0651,0.0651
04/21/2015,0.0651,,0.0651,0.0651,0.0651
04/22/2015,0.0651,,0.0651,0.0651,0.0651
04/23/2015,0.0651,,0.0651,0.0651,0.0651
04/24/2015,0.145,1022.0,0.145,0.145,0.145
04/27/2015,0.13,5169.0,0.13,0.13,0.13
04/28/2015,0.13,,0.13,0.13,0.13
04/29/2015,0.13,,0.13,0.13,0.13
04/30/2015,0.13,,0.13,0.13,0.13
05/01/2015,0.13,,0.13,0.13,0.13
05/04/2015,0.145,4411.0,0.145,0.145,0.145
05/05/2015,0.145,200.0,0.145,0.145,0.145
05/06/2015,0.0651,326.0,0.065,0.0651,0.065
05/07/2015,0.0651,,0.0651,0.0651,0.0651
05/08/2015,0.0651,,0.0651,0.0651,0.0651
05/11/2015,0.0651,,0.0651,0.0651,0.0651
05/12/2015,0.15,1000.0,0.15,0.15,0.15
05/13/2015,0.13,4374.0,0.15,0.15,0.13
05/14/2015,0.13,,0.13,0.13,0.13
05/15/2015,0.13,,0.13,0.13,0.13
05/18/2015,0.13,,0.13,0.13,0.13
05/19/2015,0.13,,0.13,0.13,0.13
05/20/2015,0.13,,0.13,0.13,0.13
05/21/2015,0.13,,0.13,0.13,0.13
05/22/2015,0.0651,160.0,0.0651,0.0651,0.0651
05/26/2015,0.0651,,0.0651,0.0651,0.0651
05/27/2015,0.0651,,0.0651,0.0651,0.0651
05/28/2015,0.0651,,0.0651,0.0651,0.0651
05/29/2015,0.0651,,0.0651,0.0651,0.0651
06/01/2015,0.0651,,0.0651,0.0651,0.0651
06/02/2015,0.0651,,0.0651,0.0651,0.0651
06/03/2015,0.0651,,0.0651,0.0651,0.0651
06/04/2015,0.0651,,0.0651,0.0651,0.0651
06/05/2015,0.0651,,0.0651,0.0651,0.0651
06/08/2015,0.0651,,0.0651,0.0651,0.0651
06/09/2015,0.0651,,0.0651,0.0651,0.0651
06/10/2015,0.15,5000.0,0.15,0.15,0.15
06/11/2015,0.1,3095.0,0.1999,0.1999,0.1
06/12/2015,0.1,,0.1,0.1,0.1
06/15/2015,0.1,6500.0,0.1,0.1,0.1
06/16/2015,0.15,986.0,0.15,0.15,0.15
06/17/2015,0.15,,0.15,0.15,0.15
06/18/2015,0.15,,0.15,0.15,0.15
06/19/2015,0.15,,0.15,0.15,0.15
06/22/2015,0.15,100.0,0.15,0.15,0.15
06/23/2015,0.15,,0.15,0.15,0.15
06/24/2015,0.15,,0.15,0.15,0.15
06/25/2015,0.15,,0.15,0.15,0.15
06/26/2015,0.35,11965.0,0.2,0.35,0.2
06/29/2015,0.4,2209.0,0.35,0.4,0.35
06/30/2015,0.4,,0.4,0.4,0.4
07/01/2015,0.16,1100.0,0.16,0.16,0.16
07/02/2015,0.28,588.0,0.28,0.28,0.28
07/06/2015,0.28,,0.28,0.28,0.28
07/07/2015,0.28,681.0,0.28,0.28,0.28
07/08/2015,0.28,,0.28,0.28,0.28
07/09/2015,0.28,,0.28,0.28,0.28
07/10/2015,0.28,,0.28,0.28,0.28
07/13/2015,0.28,,0.28,0.28,0.28
07/14/2015,0.16,100.0,0.16,0.16,0.16
07/15/2015,0.16,,0.16,0.16,0.16
07/16/2015,0.16,,0.16,0.16,0.16
07/17/2015,0.16,14052.0,0.16,0.16,0.16
07/20/2015,0.16,,0.16,0.16,0.16
07/21/2015,0.16,,0.16,0.16,0.16
07/22/2015,0.16,,0.16,0.16,0.16
07/23/2015,0.16,,0.16,0.16,0.16
07/24/2015,0.16,,0.16,0.16,0.16
07/27/2015,0.2,2006.0,0.2,0.2,0.2
07/28/2015,0.2,,0.2,0.2,0.2
07/29/2015,0.2,,0.2,0.2,0.2
07/30/2015,0.2,,0.2,0.2,0.2
07/31/2015,0.2,,0.2,0.2,0.2
08/03/2015,0.16,279.0,0.16,0.16,0.16
08/04/2015,0.16,,0.16,0.16,0.16
08/05/2015,0.16,,0.16,0.16,0.16
08/06/2015,0.16,,0.16,0.16,0.16
08/07/2015,0.16,,0.16,0.16,0.16
08/10/2015,0.16,,0.16,0.16,0.16
08/11/2015,0.16,3155.0,0.16,0.16,0.16
08/12/2015,0.16,200.0,0.16,0.16,0.16
08/13/2015,0.16,,0.16,0.16,0.16
08/14/2015,0.16,,0.16,0.16,0.16
08/17/2015,0.16,,0.16,0.16,0.16
08/18/2015,0.16,,0.16,0.16,0.16
08/19/2015,0.16,,0.16,0.16,0.16
08/20/2015,0.16,,0.16,0.16,0.16
08/21/2015,0.16,,0.16,0.16,0.16
08/24/2015,0.16,,0.16,0.16,0.16
08/25/2015,0.16,100.0,0.16,0.16,0.16
08/26/2015,0.16,,0.16,0.16,0.16
08/27/2015,0.16,510.0,0.16,0.16,0.16
08/28/2015,0.16,,0.16,0.16,0.16
08/31/2015,0.16,,0.16,0.16,0.16
09/01/2015,0.16,,0.16,0.16,0.16
09/02/2015,0.16,,0.16,0.16,0.16
09/03/2015,0.18,4918.0,0.18,0.18,0.18
09/04/2015,0.18,,0.18,0.18,0.18
09/08/2015,0.16,196.0,0.16,0.16,0.16
09/09/2015,0.16,,0.16,0.16,0.16
09/10/2015,0.2,5082.0,0.2,0.2,0.2
09/11/2015,0.2,259.0,0.2,0.2,0.2
09/14/2015,0.2,,0.2,0.2,0.2
09/15/2015,0.2,,0.2,0.2,0.2
09/16/2015,0.16,335.0,0.16,0.16,0.16
09/17/2015,0.16,,0.16,0.16,0.16
09/18/2015,0.16,1774.0,0.16,0.16,0.16
09/21/2015,0.16,,0.16,0.16,0.16
09/22/2015,0.16,,0.16,0.16,0.16
09/23/2015,0.16,,0.16,0.16,0.16
09/24/2015,0.16,,0.16,0.16,0.16
09/25/2015,0.16,,0.16,0.16,0.16
09/28/2015,0.16,,0.16,0.16,0.16
09/29/2015,0.16,,0.16,0.16,0.16
09/30/2015,0.16,,0.16,0.16,0.16
10/01/2015,0.16,,0.16,0.16,0.16
10/02/2015,0.16,,0.16,0.16,0.16
10/05/2015,0.16,,0.16,0.16,0.16
10/06/2015,0.16,,0.16,0.16,0.16
10/07/2015,0.1101,25000.0,0.16,0.16,0.1101
10/08/2015,0.14,2510.0,0.14,0.14,0.14
10/09/2015,0.14,,0.14,0.14,0.14
10/12/2015,0.14,,0.14,0.14,0.14
10/13/2015,0.11,143.0,0.11,0.11,0.11
10/14/2015,0.11,,0.11,0.11,0.11
10/15/2015,0.11,,0.11,0.11,0.11
10/16/2015,0.11,,0.11,0.11,0.11
10/19/2015,0.11,,0.11,0.11,0.11
10/20/2015,0.11,,0.11,0.11,0.11
10/21/2015,0.11,,0.11,0.11,0.11
10/22/2015,0.11,,0.11,0.11,0.11
10/23/2015,0.11,,0.11,0.11,0.11
10/26/2015,0.11,,0.11,0.11,0.11
10/27/2015,0.11,,0.11,0.11,0.11
10/28/2015,0.11,,0.11,0.11,0.11
10/29/2015,0.11,,0.11,0.11,0.11
10/30/2015,0.11,,0.11,0.11,0.11
11/02/2015,0.11,,0.11,0.11,0.11
11/03/2015,0.11,,0.11,0.11,0.11
11/04/2015,0.1,9586.0,0.11,0.11,0.1
11/05/2015,0.1,,0.1,0.1,0.1
11/06/2015,0.1,,0.1,0.1,0.1
11/09/2015,0.1,,0.1,0.1,0.1
11/10/2015,0.1,,0.1,0.1,0.1
11/11/2015,0.1,,0.1,0.1,0.1
11/12/2015,0.1799,500.0,0.1799,0.1799,0.1799
11/13/2015,0.1799,,0.1799,0.1799,0.1799
11/16/2015,0.18,300.0,0.18,0.18,0.18
11/17/2015,0.1,417.0,0.1,0.1,0.1
11/18/2015,0.1,,0.1,0.1,0.1
11/19/2015,0.1,,0.1,0.1,0.1
11/20/2015,0.1,,0.1,0.1,0.1
11/23/2015,0.18,3513.0,0.18,0.18,0.18
11/24/2015,0.18,,0.18,0.18,0.18
11/25/2015,0.18,,0.18,0.18,0.18
11/27/2015,0.18,,0.18,0.18,0.18
11/30/2015,0.18,,0.18,0.18,0.18
12/01/2015,0.1,100.0,0.1,0.1,0.1
12/02/2015,0.2,3509.0,0.2,0.2,0.2
12/03/2015,0.2,,0.2,0.2,0.2
12/04/2015,0.2,,0.2,0.2,0.2
12/07/2015,0.1,406.0,0.1,0.1,0.1
12/08/2015,0.1,,0.1,0.1,0.1
12/09/2015,0.125,258.0,0.125,0.125,0.125
12/10/2015,0.125,,0.125,0.125,0.125
12/11/2015,0.125,,0.125,0.125,0.125
12/14/2015,0.125,,0.125,0.125,0.125
12/15/2015,0.125,,0.125,0.125,0.125
12/16/2015,0.125,,0.125,0.125,0.125
12/17/2015,0.125,,0.125,0.125,0.125
12/18/2015,0.1,574.0,0.1,0.1,0.1
12/21/2015,0.1,,0.1,0.1,0.1
12/22/2015,0.1,,0.1,0.1,0.1
12/23/2015,0.1,,0.1,0.1,0.1
12/24/2015,0.1,,0.1,0.1,0.1
12/28/2015,0.15,720.0,0.15,0.15,0.15
12/29/2015,0.15,,0.15,0.15,0.15
12/30/2015,0.101,152.0,0.101,0.101,0.101
12/31/2015,0.101,,0.101,0.101,0.101
01/04/2016,0.101,,0.101,0.101,0.101
01/05/2016,0.101,,0.101,0.101,0.101
01/06/2016,0.101,,0.101,0.101,0.101
01/07/2016,0.06,9685.0,0.06,0.1,0.06
01/08/2016,0.055,2500.0,0.1,0.1,0.055
01/11/2016,0.055,,0.055,0.055,0.055
01/12/2016,0.055,,0.055,0.055,0.055
01/13/2016,0.055,,0.055,0.055,0.055
01/14/2016,0.055,,0.055,0.055,0.055
01/15/2016,0.055,,0.055,0.055,0.055
01/19/2016,0.055,,0.055,0.055,0.055
01/20/2016,0.055,,0.055,0.055,0.055
01/21/2016,0.055,,0.055,0.055,0.055
01/22/2016,0.055,,0.055,0.055,0.055
01/25/2016,0.055,,0.055,0.055,0.055
01/26/2016,0.055,,0.055,0.055,0.055
01/27/2016,0.055,,0.055,0.055,0.055
01/28/2016,0.055,,0.055,0.055,0.055
01/29/2016,0.055,,0.055,0.055,0.055
02/01/2016,0.055,,0.055,0.055,0.055
02/02/2016,0.055,,0.055,0.055,0.055
02/03/2016,0.07,147.0,0.07,0.07,0.07
02/04/2016,0.07,,0.07,0.07,0.07
02/05/2016,0.07,,0.07,0.07,0.07
02/08/2016,0.07,,0.07,0.07,0.07
02/09/2016,0.07,,0.07,0.07,0.07
02/10/2016,0.07,,0.07,0.07,0.07
02/11/2016,0.07,,0.07,0.07,0.07
02/12/2016,0.07,,0.07,0.07,0.07
02/16/2016,0.07,,0.07,0.07,0.07
02/17/2016,0.07,,0.07,0.07,0.07
02/18/2016,0.07,,0.07,0.07,0.07
02/19/2016,0.07,,0.07,0.07,0.07
02/22/2016,0.07,,0.07,0.07,0.07
02/23/2016,0.07,,0.07,0.07,0.07
02/24/2016,0.07,,0.07,0.07,0.07
02/25/2016,0.07,,0.07,0.07,0.07
02/26/2016,0.0999,280.0,0.0999,0.0999,0.0999
02/29/2016,0.0999,,0.0999,0.0999,0.0999
03/01/2016,0.0999,,0.0999,0.0999,0.0999
03/02/2016,0.0999,,0.0999,0.0999,0.0999
03/03/2016,0.0999,,0.0999,0.0999,0.0999
03/04/2016,0.0999,,0.0999,0.0999,0.0999
03/07/2016,0.0999,,0.0999,0.0999,0.0999
03/08/2016,0.0999,,0.0999,0.0999,0.0999
03/09/2016,0.0999,,0.0999,0.0999,0.0999
03/10/2016,0.0999,,0.0999,0.0999,0.0999
03/11/2016,0.0999,,0.0999,0.0999,0.0999
03/14/2016,0.0999,,0.0999,0.0999,0.0999
03/15/2016,0.0999,,0.0999,0.0999,0.0999
03/16/2016,0.0999,,0.0999,0.0999,0.0999
03/17/2016,0.055,9096.0,0.055,0.055,0.055
03/18/2016,0.055,,0.055,0.055,0.055
03/21/2016,0.055,,0.055,0.055,0.055
03/22/2016,0.055,,0.055,0.055,0.055
03/23/2016,0.055,,0.055,0.055,0.055
03/24/2016,0.055,,0.055,0.055,0.055
03/28/2016,0.055,,0.055,0.055,0.055
03/29/2016,0.055,,0.055,0.055,0.055
03/30/2016,0.055,,0.055,0.055,0.055
03/31/2016,0.055,,0.055,0.055,0.055
04/01/2016,0.055,,0.055,0.055,0.055
04/04/2016,0.055,,0.055,0.055,0.055
04/05/2016,0.055,,0.055,0.055,0.055
04/06/2016,0.055,,0.055,0.055,0.055
04/07/2016,0.055,,0.055,0.055,0.055
04/08/2016,0.055,,0.055,0.055,0.055
04/11/2016,0.055,,0.055,0.055,0.055
04/12/2016,0.055,2021.0,0.055,0.055,0.055
04/13/2016,0.08,4000.0,0.08,0.08,0.08
04/14/2016,0.08,,0.08,0.08,0.08
04/15/2016,0.08,,0.08,0.08,0.08
04/18/2016,0.08,,0.08,0.08,0.08
04/19/2016,0.08,,0.08,0.08,0.08
04/20/2016,0.08,,0.08,0.08,0.08
04/21/2016,0.08,,0.08,0.08,0.08
04/22/2016,0.08,,0.08,0.08,0.08
04/25/2016,0.08,,0.08,0.08,0.08
04/26/2016,0.08,3002.0,0.08,0.08,0.08
04/27/2016,0.08,,0.08,0.08,0.08
04/28/2016,0.08,,0.08,0.08,0.08
04/29/2016,0.08,,0.08,0.08,0.08
05/02/2016,0.08,,0.08,0.08,0.08
05/03/2016,0.08,,0.08,0.08,0.08
05/04/2016,0.08,,0.08,0.08,0.08
05/05/2016,0.08,,0.08,0.08,0.08
05/06/2016,0.08,,0.08,0.08,0.08
05/09/2016,0.0504,100.0,0.0504,0.0504,0.0504
05/10/2016,0.0504,,0.0504,0.0504,0.0504
05/11/2016,0.0504,,0.0504,0.0504,0.0504
05/12/2016,0.0504,,0.0504,0.0504,0.0504
05/13/2016,0.0504,,0.0504,0.0504,0.0504
05/16/2016,0.0504,,0.0504,0.0504,0.0504
05/17/2016,0.0504,,0.0504,0.0504,0.0504
05/18/2016,0.0504,,0.0504,0.0504,0.0504
05/19/2016,0.0504,,0.0504,0.0504,0.0504
05/20/2016,0.0504,,0.0504,0.0504,0.0504
05/23/2016,0.0504,,0.0504,0.0504,0.0504
05/24/2016,0.0504,,0.0504,0.0504,0.0504
05/25/2016,0.0504,,0.0504,0.0504,0.0504
05/26/2016,0.0504,,0.0504,0.0504,0.0504
05/27/2016,0.0504,,0.0504,0.0504,0.0504
05/31/2016,0.0504,,0.0504,0.0504,0.0504
06/01/2016,0.0504,,0.0504,0.0504,0.0504
06/02/2016,0.0504,,0.0504,0.0504,0.0504
06/03/2016,0.0504,,0.0504,0.0504,0.0504
06/06/2016,0.0504,,0.0504,0.0504,0.0504
06/07/2016,0.0504,,0.0504,0.0504,0.0504
06/08/2016,0.0504,,0.0504,0.0504,0.0504
06/09/2016,0.0504,,0.0504,0.0504,0.0504
06/10/2016,0.0504,,0.0504,0.0504,0.0504
06/13/2016,0.0504,,0.0504,0.0504,0.0504
06/14/2016,0.0504,,0.0504,0.0504,0.0504
06/15/2016,0.0504,,0.0504,0.0504,0.0504
06/16/2016,0.0504,,0.0504,0.0504,0.0504
06/17/2016,0.04,3069.0,0.04,0.04,0.04
06/20/2016,0.08,880.0,0.08,0.08,0.08
06/21/2016,0.08,,0.08,0.08,0.08
06/22/2016,0.08,,0.08,0.08,0.08
06/23/2016,0.08,,0.08,0.08,0.08
06/24/2016,0.08,,0.08,0.08,0.08
06/27/2016,0.08,,0.08,0.08,0.08
06/28/2016,0.08,,0.08,0.08,0.08
06/29/2016,0.08,,0.08,0.08,0.08
06/30/2016,0.08,,0.08,0.08,0.08
07/01/2016,0.0413,4460.0,0.08,0.08,0.0413
07/05/2016,0.0413,250.0,0.0413,0.0413,0.0413
07/06/2016,0.0413,,0.0413,0.0413,0.0413
07/07/2016,0.0413,,0.0413,0.0413,0.0413
07/08/2016,0.0761,6640.0,0.08,0.08,0.0761
07/11/2016,0.0761,,0.0761,0.0761,0.0761
07/12/2016,0.0761,,0.0761,0.0761,0.0761
07/13/2016,0.0761,,0.0761,0.0761,0.0761
07/14/2016,0.0761,,0.0761,0.0761,0.0761
07/15/2016,0.0761,,0.0761,0.0761,0.0761
07/18/2016,0.04,500.0,0.04,0.04,0.04
07/19/2016,0.04,,0.04,0.04,0.04
07/20/2016,0.04,,0.04,0.04,0.04
07/21/2016,0.04,,0.04,0.04,0.04
07/22/2016,0.04,,0.04,0.04,0.04
07/25/2016,0.04,,0.04,0.04,0.04
07/26/2016,0.04,,0.04,0.04,0.04
07/27/2016,0.04,,0.04,0.04,0.04
07/28/2016,0.04,,0.04,0.04,0.04
07/29/2016,0.04,,0.04,0.04,0.04
08/01/2016,0.04,,0.04,0.04,0.04
08/02/2016,0.04,,0.04,0.04,0.04
08/03/2016,0.04,,0.04,0.04,0.04
08/04/2016,0.04,,0.04,0.04,0.04
08/05/2016,0.04,,0.04,0.04,0.04
08/08/2016,0.04,,0.04,0.04,0.04
08/09/2016,0.04,,0.04,0.04,0.04
08/10/2016,0.042,3025.0,0.042,0.042,0.042
08/11/2016,0.042,,0.042,0.042,0.042
08/12/2016,0.042,,0.042,0.042,0.042
08/15/2016,0.042,,0.042,0.042,0.042
08/16/2016,0.042,,0.042,0.042,0.042
08/17/2016,0.042,,0.042,0.042,0.042
08/18/2016,0.042,,0.042,0.042,0.042
08/19/2016,0.042,,0.042,0.042,0.042
08/22/2016,0.05,11000.0,0.05,0.05,0.05
08/23/2016,0.05,,0.05,0.05,0.05
08/24/2016,0.04,1502.0,0.04,0.04,0.04
08/25/2016,0.04,,0.04,0.04,0.04
08/26/2016,0.04,,0.04,0.04,0.04
08/29/2016,0.04,,0.04,0.04,0.04
08/30/2016,0.04,,0.04,0.04,0.04
08/31/2016,0.04,,0.04,0.04,0.04
09/01/2016,0.04,,0.04,0.04,0.04
09/02/2016,0.04,,0.04,0.04,0.04
09/06/2016,0.058,15407.0,0.06,0.06,0.058
09/07/2016,0.058,,0.058,0.058,0.058
09/08/2016,0.058,,0.058,0.058,0.058
09/09/2016,0.04,1547.0,0.04,0.04,0.04
09/12/2016,0.04,,0.04,0.04,0.04
09/13/2016,0.0446,434.0,0.0446,0.0446,0.0446
09/14/2016,0.0446,,0.0446,0.0446,0.0446
09/15/2016,0.0446,,0.0446,0.0446,0.0446
09/16/2016,0.04,446.0,0.04,0.04,0.04
09/19/2016,0.04,,0.04,0.04,0.04
09/20/2016,0.04,,0.04,0.04,0.04
09/21/2016,0.04,,0.04,0.04,0.04
09/22/2016,0.04,,0.04,0.04,0.04
09/23/2016,0.06,120.0,0.06,0.06,0.06
09/26/2016,0.06,,0.06,0.06,0.06
09/27/2016,0.06,,0.06,0.06,0.06
09/28/2016,0.06,,0.06,0.06,0.06
09/29/2016,0.06,,0.06,0.06,0.06
09/30/2016,0.06,,0.06,0.06,0.06
10/03/2016,0.06,,0.06,0.06,0.06
10/04/2016,0.06,,0.06,0.06,0.06
10/05/2016,0.06,,0.06,0.06,0.06
10/06/2016,0.06,,0.06,0.06,0.06
10/07/2016,0.06,,0.06,0.06,0.06
10/10/2016,0.06,,0.06,0.06,0.06
10/11/2016,0.0446,200.0,0.0446,0.0446,0.0446
10/12/2016,0.0446,,0.0446,0.0446,0.0446
10/13/2016,0.0446,,0.0446,0.0446,0.0446
10/14/2016,0.0446,,0.0446,0.0446,0.0446
10/17/2016,0.0446,,0.0446,0.0446,0.0446
10/18/2016,0.0446,,0.0446,0.0446,0.0446
10/19/2016,0.0446,,0.0446,0.0446,0.0446
10/20/2016,0.0446,,0.0446,0.0446,0.0446
10/21/2016,0.06,800.0,0.058,0.06,0.058
10/24/2016,0.0446,1495.0,0.06,0.06,0.0446
10/25/2016,0.0446,,0.0446,0.0446,0.0446
10/26/2016,0.0446,,0.0446,0.0446,0.0446
10/27/2016,0.0446,,0.0446,0.0446,0.0446
10/28/2016,0.042,800.0,0.042,0.042,0.042
10/31/2016,0.042,,0.042,0.042,0.042
11/01/2016,0.042,,0.042,0.042,0.042
11/02/2016,0.042,130.0,0.042,0.042,0.042
11/03/2016,0.042,,0.042,0.042,0.042
11/04/2016,0.042,,0.042,0.042,0.042
11/07/2016,0.042,,0.042,0.042,0.042
11/08/2016,0.042,,0.042,0.042,0.042
11/09/2016,0.042,,0.042,0.042,0.042
11/10/2016,0.042,,0.042,0.042,0.042
11/11/2016,0.042,,0.042,0.042,0.042
11/14/2016,0.042,120.0,0.042,0.042,0.042
11/15/2016,0.042,,0.042,0.042,0.042
11/16/2016,0.042,,0.042,0.042,0.042
11/17/2016,0.04,3220.0,0.04,0.04,0.04
11/18/2016,0.06,10000.0,0.06,0.06,0.06
11/21/2016,0.06,,0.06,0.06,0.06
11/22/2016,0.06,,0.06,0.06,0.06
11/23/2016,0.06,,0.06,0.06,0.06
11/25/2016,0.06,,0.06,0.06,0.06
11/28/2016,0.06,,0.06,0.06,0.06
11/29/2016,0.07,3396.0,0.07,0.07,0.07
11/30/2016,0.07,,0.07,0.07,0.07
12/01/2016,0.1,200.0,0.02,0.1,0.02
12/02/2016,0.1,,0.1,0.1,0.1
12/05/2016,0.1,,0.1,0.1,0.1
12/06/2016,0.1,,0.1,0.1,0.1
12/07/2016,0.1,,0.1,0.1,0.1
12/08/2016,0.1,,0.1,0.1,0.1
12/09/2016,0.1,3786.0,0.02,0.1,0.02
12/12/2016,0.1,,0.1,0.1,0.1
12/13/2016,0.1,,0.1,0.1,0.1
12/14/2016,0.1499,8710.0,0.042,0.15,0.03
12/15/2016,0.1499,,0.1499,0.1499,0.1499
12/16/2016,0.2,103.0,0.2,0.2,0.2
12/19/2016,0.2,2400.0,0.0377,0.2,0.0377
12/20/2016,0.2,,0.2,0.2,0.2
12/21/2016,0.2,6520.0,0.2,0.2,0.12
12/22/2016,0.2,,0.2,0.2,0.2
12/23/2016,0.2,500.0,0.04,0.2,0.04
12/27/2016,0.2,,0.2,0.2,0.2
12/28/2016,0.2,,0.2,0.2,0.2
12/29/2016,0.2,,0.2,0.2,0.2
12/30/2016,0.04,140.0,0.04,0.04,0.04
01/03/2017,0.04,,0.04,0.04,0.04
01/04/2017,0.04,,0.04,0.04,0.04
01/05/2017,0.04,200.0,0.04,0.04,0.04
01/06/2017,0.04,,0.04,0.04,0.04
01/09/2017,0.04,,0.04,0.04,0.04
01/10/2017,0.04,,0.04,0.04,0.04
01/11/2017,0.04,314.0,0.2,0.2,0.04
01/12/2017,0.04,,0.04,0.04,0.04
01/13/2017,0.1,3740.0,0.1,0.1,0.1
01/17/2017,0.1,,0.1,0.1,0.1
01/18/2017,0.1,,0.1,0.1,0.1
01/19/2017,0.1,,0.1,0.1,0.1
01/20/2017,0.1,,0.1,0.1,0.1
01/23/2017,0.1,,0.1,0.1,0.1
01/24/2017,0.1,,0.1,0.1,0.1
01/25/2017,0.1,,0.1,0.1,0.1
01/26/2017,0.15,1500.0,0.15,0.15,0.15
01/27/2017,0.15,,0.15,0.15,0.15
01/30/2017,0.15,,0.15,0.15,0.15
01/31/2017,0.15,,0.15,0.15,0.15
02/01/2017,0.15,,0.15,0.15,0.15
02/02/2017,0.15,,0.15,0.15,0.15
02/03/2017,0.15,,0.15,0.15,0.15
02/06/2017,0.15,,0.15,0.15,0.15
02/07/2017,0.15,,0.15,0.15,0.15
02/08/2017,0.15,,0.15,0.15,0.15
02/09/2017,0.15,,0.15,0.15,0.15
02/10/2017,0.15,,0.15,0.15,0.15
02/13/2017,0.2,100.0,0.2,0.2,0.2
02/14/2017,0.15,5150.0,0.1,0.15,0.1
02/15/2017,0.15,,0.15,0.15,0.15
02/16/2017,0.15,,0.15,0.15,0.15
02/17/2017,0.15,,0.15,0.15,0.15
02/21/2017,0.15,,0.15,0.15,0.15
02/22/2017,0.15,,0.15,0.15,0.15
02/23/2017,0.15,,0.15,0.15,0.15
02/24/2017,0.15,,0.15,0.15,0.15
02/27/2017,0.15,,0.15,0.15,0.15
02/28/2017,0.03,207.0,0.03,0.03,0.03
03/01/2017,0.2,3000.0,0.2,0.2,0.2
03/02/2017,0.0319,400.0,0.0319,0.0319,0.0319
03/03/2017,0.0319,,0.0319,0.0319,0.0319
03/06/2017,0.0319,,0.0319,0.0319,0.0319
03/07/2017,0.0319,,0.0319,0.0319,0.0319
03/08/2017,0.0319,,0.0319,0.0319,0.0319
03/09/2017,0.0319,,0.0319,0.0319,0.0319
03/10/2017,0.0319,,0.0319,0.0319,0.0319
03/13/2017,0.0319,,0.0319,0.0319,0.0319
03/14/2017,0.0319,,0.0319,0.0319,0.0319
03/15/2017,0.0319,,0.0319,0.0319,0.0319
03/16/2017,0.0319,,0.0319,0.0319,0.0319
03/17/2017,0.0337,2254.0,0.0719,0.0719,0.0337
03/20/2017,0.0337,,0.0337,0.0337,0.0337
03/21/2017,0.0337,,0.0337,0.0337,0.0337
03/22/2017,0.0337,,0.0337,0.0337,0.0337
03/23/2017,0.0316,2205.0,0.0316,0.0316,0.0316
03/24/2017,0.0316,120.0,0.0316,0.0316,0.0316
03/27/2017,0.0316,,0.0316,0.0316,0.0316
03/28/2017,0.0316,,0.0316,0.0316,0.0316
03/29/2017,0.0316,,0.0316,0.0316,0.0316
03/30/2017,0.0316,,0.0316,0.0316,0.0316
03/31/2017,0.0316,,0.0316,0.0316,0.0316
04/03/2017,0.0316,,0.0316,0.0316,0.0316
04/04/2017,0.0316,,0.0316,0.0316,0.0316
04/05/2017,0.0316,,0.0316,0.0316,0.0316
04/06/2017,0.0316,,0.0316,0.0316,0.0316
04/07/2017,0.0316,,0.0316,0.0316,0.0316
04/10/2017,0.0316,,0.0316,0.0316,0.0316
04/11/2017,0.0316,,0.0316,0.0316,0.0316
04/12/2017,0.0316,,0.0316,0.0316,0.0316
04/13/2017,0.0316,,0.0316,0.0316,0.0316
04/17/2017,0.0316,,0.0316,0.0316,0.0316
04/18/2017,0.0316,,0.0316,0.0316,0.0316
04/19/2017,0.0316,,0.0316,0.0316,0.0316
04/20/2017,0.0239,413.0,0.0239,0.0239,0.0239
04/21/2017,0.0239,,0.0239,0.0239,0.0239
04/24/2017,0.03,143698.0,0.0239,0.03,0.02
04/25/2017,0.03,9356.0,0.03,0.03,0.03
04/26/2017,0.03,,0.03,0.03,0.03
04/27/2017,0.1,10116.0,0.049,0.1,0.04
04/28/2017,0.1202,2852.0,0.1202,0.1202,0.1202
05/01/2017,0.1202,,0.1202,0.1202,0.1202
05/02/2017,0.1202,,0.1202,0.1202,0.1202
05/03/2017,0.1202,,0.1202,0.1202,0.1202
05/04/2017,0.1202,,0.1202,0.1202,0.1202
05/05/2017,0.1202,,0.1202,0.1202,0.1202
05/08/2017,0.1202,,0.1202,0.1202,0.1202
05/09/2017,0.1202,,0.1202,0.1202,0.1202
05/10/2017,0.1202,,0.1202,0.1202,0.1202
05/11/2017,0.1202,,0.1202,0.1202,0.1202
05/12/2017,0.1202,,0.1202,0.1202,0.1202
05/15/2017,0.1202,,0.1202,0.1202,0.1202
05/16/2017,0.1202,,0.1202,0.1202,0.1202
05/17/2017,0.1202,,0.1202,0.1202,0.1202
05/18/2017,0.1202,,0.1202,0.1202,0.1202
05/19/2017,0.1202,,0.1202,0.1202,0.1202
05/22/2017,0.1102,3504.0,0.0156,0.1102,0.0156
05/23/2017,0.1089,256.0,0.031,0.1089,0.031
05/24/2017,0.1089,217.0,0.0262,0.1089,0.0262
05/25/2017,0.1089,,0.1089,0.1089,0.1089
05/26/2017,0.1089,,0.1089,0.1089,0.1089
05/30/2017,0.1089,,0.1089,0.1089,0.1089
05/31/2017,0.1089,,0.1089,0.1089,0.1089
06/01/2017,0.1089,,0.1089,0.1089,0.1089
06/02/2017,0.1089,,0.1089,0.1089,0.1089
06/05/2017,0.1089,,0.1089,0.1089,0.1089
06/06/2017,0.1089,,0.1089,0.1089,0.1089
06/07/2017,0.1089,,0.1089,0.1089,0.1089
06/08/2017,0.1089,,0.1089,0.1089,0.1089
06/09/2017,0.1089,,0.1089,0.1089,0.1089
06/12/2017,0.0985,1000.0,0.0985,0.0985,0.0985
06/13/2017,0.1089,520.0,0.032,0.1089,0.032
06/14/2017,0.1089,,0.1089,0.1089,0.1089
06/15/2017,0.1089,,0.1089,0.1089,0.1089
06/16/2017,0.1089,,0.1089,0.1089,0.1089
06/19/2017,0.1089,,0.1089,0.1089,0.1089
06/20/2017,0.1089,,0.1089,0.1089,0.1089
06/21/2017,0.1089,,0.1089,0.1089,0.1089
06/22/2017,0.1089,,0.1089,0.1089,0.1089
06/23/2017,0.1089,,0.1089,0.1089,0.1089
06/26/2017,0.1089,,0.1089,0.1089,0.1089
06/27/2017,0.1089,,0.1089,0.1089,0.1089
06/28/2017,0.1089,,0.1089,0.1089,0.1089
06/29/2017,0.1089,,0.1089,0.1089,0.1089
06/30/2017,0.1089,,0.1089,0.1089,0.1089
07/03/2017,0.1089,,0.1089,0.1089,0.1089
07/05/2017,0.1089,,0.1089,0.1089,0.1089
07/06/2017,0.1089,,0.1089,0.1089,0.1089
07/07/2017,0.1089,,0.1089,0.1089,0.1089
07/10/2017,0.03,360.0,0.0379,0.0379,0.03
07/11/2017,0.0459,1290.0,0.0459,0.0459,0.0459
07/12/2017,0.0459,,0.0459,0.0459,0.0459
07/13/2017,0.1,1350.0,0.1089,0.1089,0.1
07/14/2017,0.1,2567.0,0.1,0.1,0.1
07/17/2017,0.1,,0.1,0.1,0.1
07/18/2017,0.1,,0.1,0.1,0.1
07/19/2017,0.1,200.0,0.04,0.1,0.04
07/20/2017,0.1,,0.1,0.1,0.1
07/21/2017,0.1,,0.1,0.1,0.1
07/24/2017,0.1,,0.1,0.1,0.1
07/25/2017,0.0469,220.0,0.0469,0.0469,0.0469
07/26/2017,0.0553,507.0,0.0553,0.0553,0.0553
07/27/2017,0.0553,,0.0553,0.0553,0.0553
07/28/2017,0.0553,,0.0553,0.0553,0.0553
07/31/2017,0.065,5492.0,0.1,0.11,0.065
08/01/2017,0.065,633.0,0.065,0.065,0.065
08/02/2017,0.065,,0.065,0.065,0.065
08/03/2017,0.042,130.0,0.042,0.042,0.042
08/04/2017,0.042,,0.042,0.042,0.042
08/07/2017,0.042,,0.042,0.042,0.042
08/08/2017,0.042,,0.042,0.042,0.042
08/09/2017,0.042,,0.042,0.042,0.042
08/10/2017,0.042,,0.042,0.042,0.042
08/11/2017,0.042,,0.042,0.042,0.042
08/14/2017,0.042,,0.042,0.042,0.042
08/15/2017,0.099,2583.0,0.0921,0.099,0.0921
08/16/2017,0.099,,0.099,0.099,0.099
08/17/2017,0.099,,0.099,0.099,0.099
08/18/2017,0.099,,0.099,0.099,0.099
08/21/2017,0.099,,0.099,0.099,0.099
08/22/2017,0.099,,0.099,0.099,0.099
08/23/2017,0.099,,0.099,0.099,0.099
08/24/2017,0.099,,0.099,0.099,0.099
08/25/2017,0.099,,0.099,0.099,0.099
08/28/2017,0.099,,0.099,0.099,0.099
08/29/2017,0.099,,0.099,0.099,0.099
08/30/2017,0.099,,0.099,0.099,0.099
08/31/2017,0.099,,0.099,0.099,0.099
09/01/2017,0.099,,0.099,0.099,0.099
09/05/2017,0.099,,0.099,0.099,0.099
09/06/2017,0.099,,0.099,0.099,0.099
09/07/2017,0.099,,0.099,0.099,0.099
09/08/2017,0.099,,0.099,0.099,0.099
09/11/2017,0.099,,0.099,0.099,0.099
09/12/2017,0.099,,0.099,0.099,0.099
09/13/2017,0.11,1178.0,0.05,0.11,0.05
09/14/2017,0.11,,0.11,0.11,0.11
09/15/2017,0.11,,0.11,0.11,0.11
09/18/2017,0.11,,0.11,0.11,0.11
09/19/2017,0.11,,0.11,0.11,0.11
09/20/2017,0.11,,0.11,0.11,0.11
09/21/2017,0.11,,0.11,0.11,0.11
09/22/2017,0.11,100.0,0.11,0.11,0.11
09/25/2017,0.11,,0.11,0.11,0.11
09/26/2017,0.11,,0.11,0.11,0.11
09/27/2017,0.11,,0.11,0.11,0.11
09/28/2017,0.11,,0.11,0.11,0.11
09/29/2017,0.11,,0.11,0.11,0.11
10/02/2017,0.11,,0.11,0.11,0.11
10/03/2017,0.11,260.0,0.0312,0.11,0.0312
10/04/2017,0.11,,0.11,0.11,0.11
10/05/2017,0.11,,0.11,0.11,0.11
10/06/2017,0.11,,0.11,0.11,0.11
10/09/2017,0.0985,1359.0,0.1035,0.1035,0.0985
10/10/2017,0.0985,,0.0985,0.0985,0.0985
10/11/2017,0.0985,,0.0985,0.0985,0.0985
10/12/2017,0.0985,,0.0985,0.0985,0.0985
10/13/2017,0.0985,,0.0985,0.0985,0.0985
10/16/2017,0.0985,,0.0985,0.0985,0.0985
10/17/2017,0.148,7123.0,0.0985,0.148,0.0985
10/18/2017,0.144,5310.0,0.144,0.144,0.144
10/19/2017,0.144,,0.144,0.144,0.144
10/20/2017,0.144,,0.144,0.144,0.144
10/23/2017,0.144,,0.144,0.144,0.144
10/24/2017,0.1,850.0,0.032,0.1,0.032
10/25/2017,0.1,,0.1,0.1,0.1
10/26/2017,0.1,,0.1,0.1,0.1
10/27/2017,0.1,,0.1,0.1,0.1
10/30/2017,0.1,,0.1,0.1,0.1
10/31/2017,0.1,,0.1,0.1,0.1
11/01/2017,0.1,6892.0,0.0312,0.1,0.0312
11/02/2017,0.1,,0.1,0.1,0.1
11/03/2017,0.1,,0.1,0.1,0.1
11/06/2017,0.1,3120.0,0.0321,0.1,0.0321
11/07/2017,0.1,,0.1,0.1,0.1
11/08/2017,0.1,,0.1,0.1,0.1
11/09/2017,0.1,,0.1,0.1,0.1
11/10/2017,0.1,200.0,0.1,0.1,0.1
11/13/2017,0.1,,0.1,0.1,0.1
11/14/2017,0.1,,0.1,0.1,0.1
11/15/2017,0.1,,0.1,0.1,0.1
11/16/2017,0.1,,0.1,0.1,0.1
11/17/2017,0.1,,0.1,0.1,0.1
11/20/2017,0.1,,0.1,0.1,0.1
11/21/2017,0.1,,0.1,0.1,0.1
11/22/2017,0.1,,0.1,0.1,0.1
11/24/2017,0.1,,0.1,0.1,0.1
11/27/2017,0.1,,0.1,0.1,0.1
11/28/2017,0.1,,0.1,0.1,0.1
11/29/2017,0.1,,0.1,0.1,0.1
11/30/2017,0.1,,0.1,0.1,0.1
12/01/2017,0.0411,1648.0,0.0411,0.0411,0.0411
12/04/2017,0.1,3962.0,0.0411,0.1,0.0411
12/05/2017,0.1,5030.0,0.1,0.1,0.1
12/06/2017,0.0322,5000.0,0.0411,0.0411,0.0322
12/07/2017,0.0322,,0.0322,0.0322,0.0322
12/08/2017,0.0322,,0.0322,0.0322,0.0322
12/11/2017,0.0322,,0.0322,0.0322,0.0322
12/12/2017,0.0326,477.0,0.0323,0.0326,0.0323
12/13/2017,0.0326,,0.0326,0.0326,0.0326
12/14/2017,0.0326,,0.0326,0.0326,0.0326
12/15/2017,0.0326,,0.0326,0.0326,0.0326
12/18/2017,0.0326,,0.0326,0.0326,0.0326
12/19/2017,0.1,5087.0,0.1,0.1,0.1
12/20/2017,0.145,959.0,0.051,0.145,0.051
12/21/2017,0.145,,0.145,0.145,0.145
12/22/2017,0.0738,616.0,0.052,0.1166,0.052
12/26/2017,0.0738,312.0,0.1671,0.1671,0.0738
12/27/2017,0.0738,,0.0738,0.0738,0.0738
12/28/2017,0.052,240.0,0.052,0.052,0.052
12/29/2017,0.052,320.0,0.052,0.052,0.052
01/02/2018,0.052,,0.052,0.052,0.052
01/03/2018,0.0738,100.0,0.0738,0.0738,0.0738
01/04/2018,0.0738,,0.0738,0.0738,0.0738
01/05/2018,0.0738,484.0,0.052,0.0738,0.052
01/08/2018,0.0738,,0.0738,0.0738,0.0738
01/09/2018,0.1,100.0,0.1,0.1,0.1
01/10/2018,0.1,,0.1,0.1,0.1
01/11/2018,0.1,,0.1,0.1,0.1
01/12/2018,0.1,,0.1,0.1,0.1
01/16/2018,0.1,,0.1,0.1,0.1
01/17/2018,0.1,,0.1,0.1,0.1
01/18/2018,0.052,2000.0,0.116,0.116,0.052
01/19/2018,0.052,,0.052,0.052,0.052
01/22/2018,0.052,,0.052,0.052,0.052
01/23/2018,0.052,,0.052,0.052,0.052
01/24/2018,0.052,,0.052,0.052,0.052
01/25/2018,0.052,,0.052,0.052,0.052
01/26/2018,0.052,,0.052,0.052,0.052
01/29/2018,0.052,,0.052,0.052,0.052
01/30/2018,0.052,,0.052,0.052,0.052
01/31/2018,0.052,,0.052,0.052,0.052
02/01/2018,0.052,,0.052,0.052,0.052
02/02/2018,0.052,,0.052,0.052,0.052
02/05/2018,0.052,,0.052,0.052,0.052
02/06/2018,0.052,2090.0,0.052,0.052,0.052
02/07/2018,0.052,,0.052,0.052,0.052
02/08/2018,0.052,,0.052,0.052,0.052
02/09/2018,0.052,11200.0,0.17,0.17,0.052
02/12/2018,0.051,1002.0,0.051,0.051,0.051
02/13/2018,0.051,,0.051,0.051,0.051
02/14/2018,0.051,,0.051,0.051,0.051
02/15/2018,0.051,,0.051,0.051,0.051
02/16/2018,0.051,,0.051,0.051,0.051
02/20/2018,0.051,,0.051,0.051,0.051
02/21/2018,0.051,,0.051,0.051,0.051
02/22/2018,0.099,124.0,0.099,0.099,0.099
02/23/2018,0.1,2500.0,0.1,0.1,0.1
02/26/2018,0.1179,14844.0,0.03,0.1179,0.03
02/27/2018,0.1179,,0.1179,0.1179,0.1179
02/28/2018,0.1179,,0.1179,0.1179,0.1179
03/01/2018,0.115,100.0,0.115,0.115,0.115
03/02/2018,0.115,,0.115,0.115,0.115
03/05/2018,0.115,,0.115,0.115,0.115
03/06/2018,0.115,,0.115,0.115,0.115
03/07/2018,0.115,,0.115,0.115,0.115
03/08/2018,0.115,,0.115,0.115,0.115
03/09/2018,0.115,,0.115,0.115,0.115
03/12/2018,0.115,200.0,0.006,0.115,0.006
03/13/2018,0.115,,0.115,0.115,0.115
03/14/2018,0.115,,0.115,0.115,0.115
03/15/2018,0.115,,0.115,0.115,0.115
03/16/2018,0.115,,0.115,0.115,0.115
03/19/2018,0.115,126.0,0.115,0.115,0.115
03/20/2018,0.115,,0.115,0.115,0.115
03/21/2018,0.115,,0.115,0.115,0.115
03/22/2018,0.115,,0.115,0.115,0.115
03/23/2018,0.115,,0.115,0.115,0.115
03/26/2018,0.006,155.0,0.006,0.006,0.006
03/27/2018,0.006,,0.006,0.006,0.006
03/28/2018,0.006,,0.006,0.006,0.006
03/29/2018,0.006,,0.006,0.006,0.006
04/02/2018,0.006,,0.006,0.006,0.006
04/03/2018,0.006,,0.006,0.006,0.006
04/04/2018,0.006,,0.006,0.006,0.006
04/05/2018,0.0061,100.0,0.0061,0.0061,0.0061
04/06/2018,0.0061,,0.0061,0.0061,0.0061
04/09/2018,0.0061,1129.0,0.0061,0.0061,0.0061
04/10/2018,0.0061,,0.0061,0.0061,0.0061
04/11/2018,0.099,5163.0,0.1325,0.1325,0.099
04/12/2018,0.15,2200.0,0.0995,0.15,0.0995
04/13/2018,0.15,,0.15,0.15,0.15
04/16/2018,0.15,,0.15,0.15,0.15
04/17/2018,0.15,,0.15,0.15,0.15
04/18/2018,0.15,,0.15,0.15,0.15
04/19/2018,0.007,300.0,0.007,0.007,0.007
04/20/2018,0.007,,0.007,0.007,0.007
04/23/2018,0.007,,0.007,0.007,0.007
04/24/2018,0.007,,0.007,0.007,0.007
04/25/2018,0.0143,310.0,0.0143,0.0143,0.0143
04/26/2018,0.0143,,0.0143,0.0143,0.0143
04/27/2018,0.0143,,0.0143,0.0143,0.0143
04/30/2018,0.0143,,0.0143,0.0143,0.0143
05/01/2018,0.0143,,0.0143,0.0143,0.0143
05/02/2018,0.0143,,0.0143,0.0143,0.0143
05/03/2018,0.018,200.0,0.018,0.018,0.018
05/04/2018,0.018,,0.018,0.018,0.018
05/07/2018,0.018,,0.018,0.018,0.018
05/08/2018,0.018,,0.018,0.018,0.018
05/09/2018,0.018,,0.018,0.018,0.018
05/10/2018,0.018,,0.018,0.018,0.018
05/11/2018,0.018,,0.018,0.018,0.018
05/14/2018,0.018,,0.018,0.018,0.018
05/15/2018,0.018,,0.018,0.018,0.018
05/16/2018,0.018,,0.018,0.018,0.018
05/17/2018,0.018,,0.018,0.018,0.018
05/18/2018,0.018,,0.018,0.018,0.018
05/21/2018,0.018,,0.018,0.018,0.018
05/22/2018,0.018,,0.018,0.018,0.018
05/23/2018,0.018,,0.018,0.018,0.018
05/24/2018,0.018,,0.018,0.018,0.018
05/25/2018,0.018,,0.018,0.018,0.018
05/29/2018,0.018,,0.018,0.018,0.018
05/30/2018,0.018,,0.018,0.018,0.018
05/31/2018,0.018,,0.018,0.018,0.018
06/01/2018,0.018,,0.018,0.018,0.018
06/04/2018,0.018,,0.018,0.018,0.018
06/05/2018,0.018,,0.018,0.018,0.018
06/06/2018,0.015,25000.0,0.018,0.084,0.015
06/07/2018,0.137,767.0,0.15,0.15,0.137
06/08/2018,0.137,,0.137,0.137,0.137
06/11/2018,0.137,,0.137,0.137,0.137
06/12/2018,0.137,,0.137,0.137,0.137
06/13/2018,0.137,,0.137,0.137,0.137
06/14/2018,0.137,,0.137,0.137,0.137
06/15/2018,0.137,,0.137,0.137,0.137
06/18/2018,0.13,2447.0,0.09,0.13,0.09
06/19/2018,0.13,,0.13,0.13,0.13
06/20/2018,0.13,,0.13,0.13,0.13
06/21/2018,0.13,,0.13,0.13,0.13
06/22/2018,0.13,,0.13,0.13,0.13
06/25/2018,0.09,416.0,0.07,0.09,0.07
06/26/2018,0.09,,0.09,0.09,0.09
06/27/2018,0.09,,0.09,0.09,0.09
06/28/2018,0.09,,0.09,0.09,0.09
06/29/2018,0.09,,0.09,0.09,0.09
07/02/2018,0.09,,0.09,0.09,0.09
07/03/2018,0.06,120.0,0.06,0.06,0.06
07/05/2018,0.06,,0.06,0.06,0.06
07/06/2018,0.06,,0.06,0.06,0.06
07/09/2018,0.06,,0.06,0.06,0.06
07/10/2018,0.06,,0.06,0.06,0.06
07/11/2018,0.06,,0.06,0.06,0.06
07/12/2018,0.06,,0.06,0.06,0.06
07/13/2018,0.06,,0.06,0.06,0.06
07/16/2018,0.06,,0.06,0.06,0.06
07/17/2018,0.06,,0.06,0.06,0.06
07/18/2018,0.06,,0.06,0.06,0.06
07/19/2018,0.06,,0.06,0.06,0.06
07/20/2018,0.05,210.0,0.05,0.05,0.05
07/23/2018,0.05,,0.05,0.05,0.05
07/24/2018,0.05,,0.05,0.05,0.05
07/25/2018,0.05,,0.05,0.05,0.05
07/26/2018,0.05,,0.05,0.05,0.05
07/27/2018,0.05,210.0,0.05,0.05,0.05
07/30/2018,0.0255,1067.0,0.1,0.1,0.0255
07/31/2018,0.0255,,0.0255,0.0255,0.0255
08/01/2018,0.0255,,0.0255,0.0255,0.0255
08/02/2018,0.0255,,0.0255,0.0255,0.0255
08/03/2018,0.0255,,0.0255,0.0255,0.0255
08/06/2018,0.025,308.0,0.025,0.025,0.025
08/07/2018,0.025,,0.025,0.025,0.025
08/08/2018,0.025,400.0,0.025,0.025,0.025
08/09/2018,0.1,1600.0,0.1,0.1,0.1
08/10/2018,0.1,,0.1,0.1,0.1
08/13/2018,0.025,5000.0,0.0275,0.0275,0.025
08/14/2018,0.025,,0.025,0.025,0.025
08/15/2018,0.062,4800.0,0.1,0.1,0.05
08/16/2018,0.062,,0.062,0.062,0.062
08/17/2018,0.0505,2800.0,0.0505,0.0505,0.0505
08/20/2018,0.0505,,0.0505,0.0505,0.0505
08/21/2018,0.075,1920.0,0.099,0.099,0.05
08/22/2018,0.099,100.0,0.099,0.099,0.099
08/23/2018,0.099,,0.099,0.099,0.099
08/24/2018,0.099,,0.099,0.099,0.099
08/27/2018,0.099,,0.099,0.099,0.099
08/28/2018,0.099,,0.099,0.099,0.099
08/29/2018,0.099,,0.099,0.099,0.099
08/30/2018,0.099,,0.099,0.099,0.099
08/31/2018,0.099,,0.099,0.099,0.099
09/04/2018,0.099,,0.099,0.099,0.099
09/05/2018,0.099,,0.099,0.099,0.099
09/06/2018,0.099,,0.099,0.099,0.099
09/07/2018,0.099,,0.099,0.099,0.099
09/10/2018,0.099,,0.099,0.099,0.099
09/11/2018,0.0505,120.0,0.0505,0.0505,0.0505
09/12/2018,0.05,10653.0,0.13,0.13,0.05
09/13/2018,0.05,,0.05,0.05,0.05
09/14/2018,0.05,,0.05,0.05,0.05
09/17/2018,0.05,,0.05,0.05,0.05
09/18/2018,0.05,,0.05,0.05,0.05
09/19/2018,0.05,,0.05,0.05,0.05
09/20/2018,0.061,1588.0,0.13,0.13,0.05
09/21/2018,0.114,100.0,0.114,0.114,0.114
09/24/2018,0.114,,0.114,0.114,0.114
09/25/2018,0.114,,0.114,0.114,0.114
09/26/2018,0.114,,0.114,0.114,0.114
09/27/2018,0.114,,0.114,0.114,0.114
09/28/2018,0.114,,0.114,0.114,0.114
10/01/2018,0.114,,0.114,0.114,0.114
10/02/2018,0.114,,0.114,0.114,0.114
10/03/2018,0.114,,0.114,0.114,0.114
10/04/2018,0.114,,0.114,0.114,0.114
10/05/2018,0.114,,0.114,0.114,0.114
10/08/2018,0.114,,0.114,0.114,0.114
10/09/2018,0.114,,0.114,0.114,0.114
10/10/2018,0.114,,0.114,0.114,0.114
10/11/2018,0.114,,0.114,0.114,0.114
10/12/2018,0.114,,0.114,0.114,0.114
10/15/2018,0.114,,0.114,0.114,0.114
10/16/2018,0.114,,0.114,0.114,0.114
10/17/2018,0.114,,0.114,0.114,0.114
10/18/2018,0.114,,0.114,0.114,0.114
10/19/2018,0.114,,0.114,0.114,0.114
10/22/2018,0.114,,0.114,0.114,0.114
10/23/2018,0.114,,0.114,0.114,0.114
10/24/2018,0.114,,0.114,0.114,0.114
10/25/2018,0.114,,0.114,0.114,0.114
10/26/2018,0.114,,0.114,0.114,0.114
10/29/2018,0.114,,0.114,0.114,0.114
10/30/2018,0.114,,0.114,0.114,0.114
10/31/2018,0.114,,0.114,0.114,0.114
11/01/2018,0.114,,0.114,0.114,0.114
11/02/2018,0.0555,167.0,0.0555,0.0555,0.0555
11/05/2018,0.0555,,0.0555,0.0555,0.0555
11/06/2018,0.0555,,0.0555,0.0555,0.0555
11/07/2018,0.0555,,0.0555,0.0555,0.0555
11/08/2018,0.0555,,0.0555,0.0555,0.0555
11/09/2018,0.0555,,0.0555,0.0555,0.0555
11/12/2018,0.0555,,0.0555,0.0555,0.0555
11/13/2018,0.0555,,0.0555,0.0555,0.0555
11/14/2018,0.0555,,0.0555,0.0555,0.0555
11/15/2018,0.0555,,0.0555,0.0555,0.0555
11/16/2018,0.0555,,0.0555,0.0555,0.0555
11/19/2018,0.0555,,0.0555,0.0555,0.0555
11/20/2018,0.0555,,0.0555,0.0555,0.0555
11/21/2018,0.0555,,0.0555,0.0555,0.0555
11/23/2018,0.0555,,0.0555,0.0555,0.0555
11/26/2018,0.0555,,0.0555,0.0555,0.0555
11/27/2018,0.0555,,0.0555,0.0555,0.0555
11/28/2018,0.0555,,0.0555,0.0555,0.0555
11/29/2018,0.12,1140.0,0.12,0.12,0.12
11/30/2018,0.119,833.0,0.119,0.119,0.119
12/03/2018,0.119,,0.119,0.119,0.119
12/04/2018,0.05,9033.0,0.05,0.05,0.05
12/06/2018,0.05,,0.05,0.05,0.05
12/07/2018,0.1185,122.0,0.1185,0.1185,0.1185
12/10/2018,0.05,6000.0,0.05,0.05,0.05
12/11/2018,0.08,2100.0,0.08,0.08,0.08
12/12/2018,0.08,3000.0,0.08,0.08,0.08
12/13/2018,0.08,524.0,0.08,0.08,0.08
12/14/2018,0.08,,0.08,0.08,0.08
12/17/2018,0.08,,0.08,0.08,0.08
12/18/2018,0.08,,0.08,0.08,0.08
12/19/2018,0.08,,0.08,0.08,0.08
12/20/2018,0.0505,100.0,0.0505,0.0505,0.0505
12/21/2018,0.0505,,0.0505,0.0505,0.0505
12/24/2018,0.0505,,0.0505,0.0505,0.0505
12/26/2018,0.0505,,0.0505,0.0505,0.0505
12/27/2018,0.0505,,0.0505,0.0505,0.0505
12/28/2018,0.0505,,0.0505,0.0505,0.0505
12/31/2018,0.1,132.0,0.1,0.1,0.1
01/02/2019,0.055,833.0,0.055,0.055,0.055
01/03/2019,0.07,108.0,0.07,0.07,0.07
01/04/2019,0.07,,0.07,0.07,0.07
01/07/2019,0.07,,0.07,0.07,0.07
01/08/2019,0.07,1638.0,0.07,0.07,0.07
01/09/2019,0.07,,0.07,0.07,0.07
01/10/2019,0.07,,0.07,0.07,0.07
01/11/2019,0.052,415.0,0.052,0.052,0.052
01/14/2019,0.07,100.0,0.07,0.07,0.07
01/15/2019,0.07,,0.07,0.07,0.07
01/16/2019,0.08,48087.0,0.05,0.08,0.04
01/17/2019,0.08,,0.08,0.08,0.08
01/18/2019,0.05,10575.0,0.05,0.0725,0.05
01/22/2019,0.04,29960.0,0.05,0.05,0.04
01/23/2019,0.04,10000.0,0.04,0.04,0.04
01/24/2019,0.04,,0.04,0.04,0.04
01/25/2019,0.04,,0.04,0.04,0.04
01/28/2019,0.04,,0.04,0.04,0.04
01/29/2019,0.04,,0.04,0.04,0.04
01/30/2019,0.04,,0.04,0.04,0.04
01/31/2019,0.04,,0.04,0.04,0.04
02/01/2019,0.04,,0.04,0.04,0.04
02/04/2019,0.04,,0.04,0.04,0.04
02/05/2019,0.0745,160.0,0.0745,0.0745,0.0745
02/06/2019,0.0745,,0.0745,0.0745,0.0745
02/07/2019,0.028,532.0,0.028,0.028,0.028
02/08/2019,0.028,,0.028,0.028,0.028
02/11/2019,0.028,,0.028,0.028,0.028
02/12/2019,0.028,,0.028,0.028,0.028
02/13/2019,0.028,,0.028,0.028,0.028
02/14/2019,0.028,,0.028,0.028,0.028
02/15/2019,0.08,142.0,0.08,0.08,0.08
02/19/2019,0.025,800.0,0.025,0.025,0.025
02/20/2019,0.025,,0.025,0.025,0.025
02/21/2019,0.08,100.0,0.08,0.08,0.08
02/22/2019,0.08,,0.08,0.08,0.08
02/25/2019,0.08,,0.08,0.08,0.08
02/26/2019,0.08,,0.08,0.08,0.08
02/27/2019,0.08,,0.08,0.08,0.08
02/28/2019,0.08,,0.08,0.08,0.08
03/01/2019,0.08,,0.08,0.08,0.08
03/04/2019,0.08,,0.08,0.08,0.08
03/05/2019,0.08,,0.08,0.08,0.08
03/06/2019,0.08,,0.08,0.08,0.08
03/07/2019,0.08,,0.08,0.08,0.08
03/08/2019,0.08,,0.08,0.08,0.08
03/11/2019,0.08,100.0,0.08,0.08,0.08
03/12/2019,0.08,,0.08,0.08,0.08
03/13/2019,0.08,,0.08,0.08,0.08
03/14/2019,0.08,,0.08,0.08,0.08
03/15/2019,0.08,,0.08,0.08,0.08
03/18/2019,0.025,12100.0,0.08,0.08,0.025
03/19/2019,0.06,11200.0,0.0377,0.06,0.0377
03/20/2019,0.06,,0.06,0.06,0.06
03/21/2019,0.06,,0.06,0.06,0.06
03/22/2019,0.06,,0.06,0.06,0.06
03/25/2019,0.06,,0.06,0.06,0.06
03/26/2019,0.06,,0.06,0.06,0.06
03/27/2019,0.06,,0.06,0.06,0.06
03/28/2019,0.06,,0.06,0.06,0.06
03/29/2019,0.06,,0.06,0.06,0.06
04/01/2019,0.06,,0.06,0.06,0.06
04/02/2019,0.0548,3017.0,0.0548,0.0548,0.0548
04/03/2019,0.0548,,0.0548,0.0548,0.0548
04/04/2019,0.0548,,0.0548,0.0548,0.0548
04/05/2019,0.0548,,0.0548,0.0548,0.0548
04/08/2019,0.0548,,0.0548,0.0548,0.0548
04/09/2019,0.0548,,0.0548,0.0548,0.0548
04/10/2019,0.0548,,0.0548,0.0548,0.0548
04/11/2019,0.0548,,0.0548,0.0548,0.0548
04/12/2019,0.1,302.0,0.0887,0.1,0.0887
04/15/2019,0.1,,0.1,0.1,0.1
04/16/2019,0.1,,0.1,0.1,0.1
04/17/2019,0.1,,0.1,0.1,0.1
04/18/2019,0.1,,0.1,0.1,0.1
04/22/2019,0.12,165.0,0.12,0.12,0.12
04/23/2019,0.12,,0.12,0.12,0.12
04/24/2019,0.12,,0.12,0.12,0.12
04/25/2019,0.12,,0.12,0.12,0.12
04/26/2019,0.12,,0.12,0.12,0.12
04/29/2019,0.12,,0.12,0.12,0.12
04/30/2019,0.12,,0.12,0.12,0.12
05/01/2019,0.12,,0.12,0.12,0.12
05/02/2019,0.12,,0.12,0.12,0.12
05/03/2019,0.12,,0.12,0.12,0.12
05/06/2019,0.12,,0.12,0.12,0.12
05/07/2019,0.12,,0.12,0.12,0.12
05/08/2019,0.12,,0.12,0.12,0.12
05/09/2019,0.12,,0.12,0.12,0.12
05/10/2019,0.12,,0.12,0.12,0.12
05/13/2019,0.12,,0.12,0.12,0.12
05/14/2019,0.025,1612.0,0.025,0.025,0.025
05/15/2019,0.025,281.0,0.025,0.025,0.025
05/16/2019,0.025,,0.025,0.025,0.025
05/17/2019,0.025,,0.025,0.025,0.025
05/20/2019,0.025,,0.025,0.025,0.025
05/21/2019,0.124,101.0,0.124,0.124,0.124
05/22/2019,0.124,,0.124,0.124,0.124
05/23/2019,0.124,,0.124,0.124,0.124
05/24/2019,0.124,,0.124,0.124,0.124
05/28/2019,0.124,,0.124,0.124,0.124
05/29/2019,0.124,,0.124,0.124,0.124
05/30/2019,0.124,,0.124,0.124,0.124
05/31/2019,0.124,,0.124,0.124,0.124
06/03/2019,0.124,,0.124,0.124,0.124
06/04/2019,0.1215,300.0,0.025,0.1215,0.025
06/05/2019,0.1215,,0.1215,0.1215,0.1215
06/06/2019,0.1215,,0.1215,0.1215,0.1215
06/07/2019,0.025,131.0,0.025,0.025,0.025
06/10/2019,0.025,,0.025,0.025,0.025
06/11/2019,0.025,,0.025,0.025,0.025
06/12/2019,0.125,13200.0,0.075,0.125,0.075
06/13/2019,0.125,,0.125,0.125,0.125
06/14/2019,0.1,392.0,0.0257,0.1,0.0257
06/17/2019,0.1,,0.1,0.1,0.1
06/18/2019,0.1,,0.1,0.1,0.1
06/19/2019,0.1,,0.1,0.1,0.1
06/20/2019,0.1,,0.1,0.1,0.1
06/21/2019,0.1,,0.1,0.1,0.1
06/24/2019,0.1,,0.1,0.1,0.1
06/25/2019,0.1,,0.1,0.1,0.1
06/26/2019,0.1,,0.1,0.1,0.1
06/27/2019,0.1,,0.1,0.1,0.1
06/28/2019,0.1,,0.1,0.1,0.1
07/01/2019,0.1,200.0,0.05,0.1,0.05
07/02/2019,0.1,,0.1,0.1,0.1
07/03/2019,0.0887,300.0,0.0257,0.0887,0.0257
07/05/2019,0.0887,100.0,0.0887,0.0887,0.0887
07/08/2019,0.1,100.0,0.1,0.1,0.1
07/09/2019,0.1,,0.1,0.1,0.1
07/10/2019,0.1,,0.1,0.1,0.1
07/11/2019,0.1,,0.1,0.1,0.1
07/12/2019,0.1,,0.1,0.1,0.1
07/15/2019,0.1,,0.1,0.1,0.1
07/16/2019,0.1,,0.1,0.1,0.1
07/17/2019,0.1,,0.1,0.1,0.1
07/18/2019,0.1,,0.1,0.1,0.1
07/19/2019,0.1,,0.1,0.1,0.1
07/22/2019,0.1,,0.1,0.1,0.1
07/23/2019,0.1,,0.1,0.1,0.1
07/24/2019,0.1,,0.1,0.1,0.1
07/25/2019,0.1,,0.1,0.1,0.1
07/26/2019,0.1,,0.1,0.1,0.1
07/29/2019,0.1,,0.1,0.1,0.1
07/30/2019,0.1,,0.1,0.1,0.1
07/31/2019,0.1,,0.1,0.1,0.1
08/01/2019,0.1,,0.1,0.1,0.1
08/02/2019,0.1,,0.1,0.1,0.1
08/05/2019,0.1,,0.1,0.1,0.1
08/06/2019,0.1,,0.1,0.1,0.1
08/07/2019,0.1,,0.1,0.1,0.1
08/08/2019,0.1,,0.1,0.1,0.1
08/09/2019,0.0285,340.0,0.0285,0.0285,0.0285
08/12/2019,0.0285,,0.0285,0.0285,0.0285
08/13/2019,0.1,110.0,0.1,0.1,0.1
08/14/2019,0.1,,0.1,0.1,0.1
08/15/2019,0.1,,0.1,0.1,0.1
08/16/2019,0.1,,0.1,0.1,0.1
08/19/2019,0.1,,0.1,0.1,0.1
08/20/2019,0.1,,0.1,0.1,0.1
08/21/2019,0.1,,0.1,0.1,0.1
08/22/2019,0.1,1100.0,0.095,0.1,0.095
08/23/2019,0.1,,0.1,0.1,0.1
08/26/2019,0.1,103.0,0.1,0.1,0.1
08/27/2019,0.1,,0.1,0.1,0.1
08/28/2019,0.1,,0.1,0.1,0.1
08/29/2019,0.1,,0.1,0.1,0.1
08/30/2019,0.1,,0.1,0.1,0.1
09/03/2019,0.1,,0.1,0.1,0.1
09/04/2019,0.1,,0.1,0.1,0.1
09/05/2019,0.1,,0.1,0.1,0.1
09/06/2019,0.095,225.0,0.095,0.095,0.095
09/09/2019,0.1,393.0,0.025,0.1,0.025
09/10/2019,0.1,,0.1,0.1,0.1
09/11/2019,0.1,,0.1,0.1,0.1
09/12/2019,0.1,,0.1,0.1,0.1
09/13/2019,0.1,,0.1,0.1,0.1
09/16/2019,0.1,310.0,0.0437,0.1,0.0437
09/17/2019,0.1,,0.1,0.1,0.1
09/18/2019,0.1,,0.1,0.1,0.1
09/19/2019,0.1,,0.1,0.1,0.1
09/20/2019,0.1,,0.1,0.1,0.1
09/23/2019,0.1,,0.1,0.1,0.1
09/24/2019,0.1,200.0,0.025,0.1,0.025
09/25/2019,0.1,,0.1,0.1,0.1
09/26/2019,0.1,,0.1,0.1,0.1
09/27/2019,0.025,2200.0,0.025,0.025,0.025
09/30/2019,0.031,18000.0,0.031,0.031,0.031
10/01/2019,0.031,,0.031,0.031,0.031
10/02/2019,0.097,100.0,0.097,0.097,0.097
10/03/2019,0.096,2007.0,0.096,0.096,0.096
10/04/2019,0.096,,0.096,0.096,0.096
10/07/2019,0.096,,0.096,0.096,0.096
10/08/2019,0.096,,0.096,0.096,0.096
10/09/2019,0.03,2002.0,0.03,0.03,0.03
10/10/2019,0.1,241.0,0.068,0.1,0.068
10/11/2019,0.1,,0.1,0.1,0.1
10/14/2019,0.1,,0.1,0.1,0.1
10/15/2019,0.1,,0.1,0.1,0.1
10/16/2019,0.1,,0.1,0.1,0.1
10/17/2019,0.1,,0.1,0.1,0.1
10/18/2019,0.1,,0.1,0.1,0.1
10/21/2019,0.1,,0.1,0.1,0.1
10/22/2019,0.1,,0.1,0.1,0.1
10/23/2019,0.1,,0.1,0.1,0.1
10/24/2019,0.1,,0.1,0.1,0.1
10/25/2019,0.1,,0.1,0.1,0.1
10/28/2019,0.1,,0.1,0.1,0.1
10/29/2019,0.1,1101.0,0.0896,0.1,0.0896
10/30/2019,0.1,,0.1,0.1,0.1
10/31/2019,0.1,,0.1,0.1,0.1
11/01/2019,0.1,,0.1,0.1,0.1
11/04/2019,0.1,,0.1,0.1,0.1
11/05/2019,0.1,,0.1,0.1,0.1
11/06/2019,0.1,,0.1,0.1,0.1
11/07/2019,0.1,,0.1,0.1,0.1
11/08/2019,0.1,,0.1,0.1,0.1
11/11/2019,0.1,,0.1,0.1,0.1
11/12/2019,0.1,,0.1,0.1,0.1
11/13/2019,0.1,,0.1,0.1,0.1
11/14/2019,0.04,248.0,0.04,0.04,0.04
11/15/2019,0.1,218.0,0.0999,0.1,0.0999
11/18/2019,0.1,,0.1,0.1,0.1
11/19/2019,0.06,300.0,0.06,0.06,0.06
11/20/2019,0.06,,0.06,0.06,0.06
11/21/2019,0.06,,0.06,0.06,0.06
11/22/2019,0.1,105.0,0.1,0.1,0.1
11/25/2019,0.1,,0.1,0.1,0.1
11/26/2019,0.1,,0.1,0.1,0.1
11/27/2019,0.1,,0.1,0.1,0.1
11/29/2019,0.1,,0.1,0.1,0.1
12/02/2019,0.1,,0.1,0.1,0.1
12/03/2019,0.1,,0.1,0.1,0.1
12/04/2019,0.1,,0.1,0.1,0.1
12/05/2019,0.1,,0.1,0.1,0.1
12/06/2019,0.1,,0.1,0.1,0.1
12/09/2019,0.1,541.0,0.04,0.1,0.04
12/10/2019,0.1,,0.1,0.1,0.1
12/11/2019,0.1,,0.1,0.1,0.1
12/12/2019,0.1,,0.1,0.1,0.1
12/13/2019,0.1,,0.1,0.1,0.1
12/16/2019,0.1,,0.1,0.1,0.1
12/17/2019,0.1,,0.1,0.1,0.1
12/18/2019,0.1,,0.1,0.1,0.1
12/19/2019,0.1,,0.1,0.1,0.1
12/20/2019,0.095,2460.0,0.066,0.095,0.032
12/23/2019,0.1,108.0,0.1,0.1,0.1
12/24/2019,0.0999,17448.0,0.088,0.0999,0.088
12/26/2019,0.0999,,0.0999,0.0999,0.0999
12/27/2019,0.0999,,0.0999,0.0999,0.0999
12/30/2019,0.1,471.0,0.0266,0.1,0.0266
12/31/2019,0.1,1000.0,0.1,0.1,0.1
01/02/2020,0.05,1055.0,0.05,0.05,0.05
01/03/2020,0.1,1174.0,0.1,0.1,0.0121
01/06/2020,0.1,,0.1,0.1,0.1
01/07/2020,0.1,,0.1,0.1,0.1
01/08/2020,0.1,,0.1,0.1,0.1
01/09/2020,0.1,,0.1,0.1,0.1
01/10/2020,0.08,7777.0,0.08,0.08,0.08
01/13/2020,0.1,210.0,0.095,0.1,0.095
01/14/2020,0.1,,0.1,0.1,0.1
01/15/2020,0.1,,0.1,0.1,0.1
01/16/2020,0.1,,0.1,0.1,0.1
01/17/2020,0.1,,0.1,0.1,0.1
01/21/2020,0.1,110.0,0.1,0.1,0.1
01/22/2020,0.1,,0.1,0.1,0.1
01/23/2020,0.1,100.0,0.1,0.1,0.1
01/24/2020,0.1,,0.1,0.1,0.1
01/27/2020,0.1,,0.1,0.1,0.1
01/28/2020,0.1,,0.1,0.1,0.1
01/29/2020,0.1,,0.1,0.1,0.1
01/30/2020,0.1,,0.1,0.1,0.1
01/31/2020,0.1,,0.1,0.1,0.1
02/03/2020,0.1,,0.1,0.1,0.1
02/04/2020,0.1,,0.1,0.1,0.1
02/05/2020,0.1,,0.1,0.1,0.1
02/06/2020,0.1,1100.0,0.0266,0.1,0.0266
02/07/2020,0.1,,0.1,0.1,0.1
02/10/2020,0.1,,0.1,0.1,0.1
02/11/2020,0.1,,0.1,0.1,0.1
02/12/2020,0.1,,0.1,0.1,0.1
02/13/2020,0.1,,0.1,0.1,0.1
02/14/2020,0.1,,0.1,0.1,0.1
02/18/2020,0.1,,0.1,0.1,0.1
02/19/2020,0.1,6024.0,0.1,0.1,0.1
02/20/2020,0.1,,0.1,0.1,0.1
02/21/2020,0.1,,0.1,0.1,0.1
02/24/2020,0.1,,0.1,0.1,0.1
02/25/2020,0.1,,0.1,0.1,0.1
02/26/2020,0.1,,0.1,0.1,0.1
02/27/2020,0.1,,0.1,0.1,0.1
02/28/2020,0.1,,0.1,0.1,0.1
03/02/2020,0.1,,0.1,0.1,0.1
03/03/2020,0.1,,0.1,0.1,0.1
03/04/2020,0.1,,0.1,0.1,0.1
03/05/2020,0.1,,0.1,0.1,0.1
03/06/2020,0.09,300.0,0.09,0.09,0.09
03/09/2020,0.09,,0.09,0.09,0.09
03/10/2020,0.09,391.0,0.1,0.1,0.0804
03/11/2020,0.09,101.0,0.09,0.09,0.09
03/12/2020,0.09,,0.09,0.09,0.09
03/13/2020,0.09,,0.09,0.09,0.09
03/16/2020,0.09,,0.09,0.09,0.09
03/17/2020,0.1,140.0,0.1,0.1,0.1
03/18/2020,0.1,,0.1,0.1,0.1
03/19/2020,0.1,,0.1,0.1,0.1
03/20/2020,0.1,,0.1,0.1,0.1
03/23/2020,0.1,,0.1,0.1,0.1
03/24/2020,0.1,,0.1,0.1,0.1
03/25/2020,0.1,,0.1,0.1,0.1
03/26/2020,0.1,,0.1,0.1,0.1
03/27/2020,0.1,,0.1,0.1,0.1
03/30/2020,0.1,,0.1,0.1,0.1
03/31/2020,0.1,,0.1,0.1,0.1
04/01/2020,0.1,,0.1,0.1,0.1
04/02/2020,0.1,,0.1,0.1,0.1
04/03/2020,0.1,1000.0,0.1,0.1,0.1
04/06/2020,0.1,5000.0,0.0999,0.1,0.0999
04/07/2020,0.1,,0.1,0.1,0.1
04/08/2020,0.1,,0.1,0.1,0.1
04/09/2020,0.1,,0.1,0.1,0.1
04/13/2020,0.14,1567.0,0.016,0.15,0.016
04/14/2020,0.14,5130.0,0.14,0.14,0.14
04/15/2020,0.14,,0.14,0.14,0.14
04/16/2020,0.1399,500.0,0.0285,0.14,0.0285
04/17/2020,0.1399,262.0,0.1399,0.1399,0.1399
04/20/2020,0.1,1855.0,0.0811,0.1,0.0811
04/21/2020,0.1,,0.1,0.1,0.1
04/22/2020,0.1,,0.1,0.1,0.1
04/23/2020,0.1,324.0,0.1,0.1,0.1
04/24/2020,0.1,,0.1,0.1,0.1
04/27/2020,0.1,,0.1,0.1,0.1
04/28/2020,0.1,,0.1,0.1,0.1
04/29/2020,0.1,,0.1,0.1,0.1
04/30/2020,0.1,,0.1,0.1,0.1
05/01/2020,0.1,,0.1,0.1,0.1
05/04/2020,0.1,4000.0,0.1,0.1,0.1
05/05/2020,0.1,,0.1,0.1,0.1
05/06/2020,0.099,1000.0,0.099,0.099,0.099
05/07/2020,0.099,,0.099,0.099,0.099
05/08/2020,0.099,,0.099,0.099,0.099
05/11/2020,0.1,1503.0,0.099,0.1,0.03
05/12/2020,0.1,,0.1,0.1,0.1
05/13/2020,0.1,,0.1,0.1,0.1
05/14/2020,0.099,500.0,0.099,0.099,0.099
05/15/2020,0.099,,0.099,0.099,0.099
05/18/2020,0.099,,0.099,0.099,0.099
05/19/2020,0.099,,0.099,0.099,0.099
05/20/2020,0.1,220.0,0.03,0.1,0.03
05/21/2020,0.1,,0.1,0.1,0.1
05/22/2020,0.1,,0.1,0.1,0.1
05/26/2020,0.1,,0.1,0.1,0.1
05/27/2020,0.1,,0.1,0.1,0.1
05/28/2020,0.1,220.0,0.055,0.1,0.055
05/29/2020,0.03,940.0,0.08,0.08,0.03
06/01/2020,0.1,240.0,0.1,0.1,0.1
06/02/2020,0.1,,0.1,0.1,0.1
06/03/2020,0.1,,0.1,0.1,0.1
06/04/2020,0.0975,200.0,0.0975,0.0975,0.0975
06/05/2020,0.0975,,0.0975,0.0975,0.0975
06/08/2020,0.026,1200.0,0.099,0.099,0.026
06/09/2020,0.026,,0.026,0.026,0.026
06/10/2020,0.026,,0.026,0.026,0.026
06/11/2020,0.099,2220.0,0.1,0.1,0.0975
06/12/2020,0.0975,1123.0,0.0271,0.0975,0.0271
06/15/2020,0.1,9078.0,0.041,0.1,0.041
06/16/2020,0.0945,700.0,0.0945,0.0945,0.0945
06/17/2020,0.0945,,0.0945,0.0945,0.0945
06/18/2020,0.0945,,0.0945,0.0945,0.0945
06/19/2020,0.0945,,0.0945,0.0945,0.0945
06/22/2020,0.0945,,0.0945,0.0945,0.0945
06/23/2020,0.0945,,0.0945,0.0945,0.0945
06/24/2020,0.0945,,0.0945,0.0945,0.0945
06/25/2020,0.0945,,0.0945,0.0945,0.0945
06/26/2020,0.0945,,0.0945,0.0945,0.0945
06/29/2020,0.0945,,0.0945,0.0945,0.0945
06/30/2020,0.0945,,0.0945,0.0945,0.0945
07/01/2020,0.0271,998.0,0.0261,0.0714,0.0261
07/02/2020,0.1,120.0,0.1,0.1,0.1
07/06/2020,0.1,,0.1,0.1,0.1
07/07/2020,0.1,658.0,0.1,0.1,0.1
07/08/2020,0.1,,0.1,0.1,0.1
07/09/2020,0.0499,108.0,0.0499,0.0499,0.0499
07/10/2020,0.06,4523.0,0.1,0.1,0.06
07/13/2020,0.1,120.0,0.1,0.1,0.1
07/14/2020,0.1,,0.1,0.1,0.1
07/15/2020,0.1,1836.0,0.1,0.1,0.1
07/16/2020,0.1,4000.0,0.06,0.1,0.06
07/17/2020,0.1,,0.1,0.1,0.1
07/20/2020,0.1,,0.1,0.1,0.1
07/21/2020,0.1,,0.1,0.1,0.1
07/22/2020,0.1,,0.1,0.1,0.1
07/23/2020,0.1,,0.1,0.1,0.1
07/24/2020,0.1,,0.1,0.1,0.1
07/27/2020,0.11,662.0,0.061,0.148,0.061
07/28/2020,0.198,120.0,0.198,0.198,0.198
07/29/2020,0.198,,0.198,0.198,0.198
07/30/2020,0.198,,0.198,0.198,0.198
07/31/2020,0.198,,0.198,0.198,0.198
08/03/2020,0.198,1570.0,0.198,0.198,0.198
08/04/2020,0.15,1330.0,0.15,0.15,0.06
08/05/2020,0.15,220.0,0.0605,0.15,0.0605
08/06/2020,0.15,,0.15,0.15,0.15
08/07/2020,0.15,,0.15,0.15,0.15
08/10/2020,0.061,406.0,0.061,0.061,0.061
08/11/2020,0.15,100.0,0.15,0.15,0.15
08/12/2020,0.15,,0.15,0.15,0.15
08/13/2020,0.15,,0.15,0.15,0.15
08/14/2020,0.15,,0.15,0.15,0.15
08/17/2020,0.15,,0.15,0.15,0.15
08/18/2020,0.15,,0.15,0.15,0.15
08/19/2020,0.15,,0.15,0.15,0.15
08/20/2020,0.15,,0.15,0.15,0.15
08/21/2020,0.135,460.0,0.135,0.135,0.135
08/24/2020,0.197,1916.0,0.148,0.197,0.062
08/25/2020,0.197,326.0,0.16,0.197,0.16
08/26/2020,0.197,418.0,0.063,0.197,0.063
08/27/2020,0.197,,0.197,0.197,0.197
08/28/2020,0.197,,0.197,0.197,0.197
08/31/2020,0.197,,0.197,0.197,0.197
09/01/2020,0.0633,970.0,0.17,0.17,0.0633
09/02/2020,0.065,2416.0,0.197,0.197,0.065
09/03/2020,0.065,,0.065,0.065,0.065
09/04/2020,0.197,100.0,0.197,0.197,0.197
09/08/2020,0.197,1101.0,0.072,0.197,0.072
09/09/2020,0.197,,0.197,0.197,0.197
09/10/2020,0.073,410.0,0.073,0.073,0.073
09/11/2020,0.197,100.0,0.197,0.197,0.197
09/14/2020,0.197,,0.197,0.197,0.197
09/15/2020,0.197,,0.197,0.197,0.197
09/16/2020,0.197,,0.197,0.197,0.197
09/17/2020,0.197,,0.197,0.197,0.197
09/18/2020,0.187,1330.0,0.075,0.187,0.075
09/21/2020,0.187,,0.187,0.187,0.187
09/22/2020,0.187,,0.187,0.187,0.187
09/23/2020,0.187,1014.0,0.1585,0.187,0.1585
09/24/2020,0.1689,400.0,0.1689,0.1689,0.1689
09/25/2020,0.1689,,0.1689,0.1689,0.1689
09/28/2020,0.0759,462.0,0.0759,0.0759,0.0759
09/29/2020,0.078,100.0,0.078,0.078,0.078
09/30/2020,0.078,1000.0,0.0784,0.0784,0.078
10/01/2020,0.1689,100.0,0.1689,0.1689,0.1689
10/02/2020,0.1689,121.0,0.1689,0.1689,0.1689
10/05/2020,0.185,732.0,0.0785,0.185,0.0785
10/06/2020,0.185,,0.185,0.185,0.185
10/07/2020,0.185,,0.185,0.185,0.185
10/08/2020,0.185,,0.185,0.185,0.185
10/09/2020,0.185,,0.185,0.185,0.185
10/12/2020,0.177,100.0,0.177,0.177,0.177
10/13/2020,0.177,,0.177,0.177,0.177
10/14/2020,0.177,,0.177,0.177,0.177
10/15/2020,0.185,200.0,0.185,0.185,0.185
10/16/2020,0.185,,0.185,0.185,0.185
10/19/2020,0.185,,0.185,0.185,0.185
10/20/2020,0.185,,0.185,0.185,0.185
10/21/2020,0.185,,0.185,0.185,0.185
10/22/2020,0.185,,0.185,0.185,0.185
10/23/2020,0.185,,0.185,0.185,0.185
10/26/2020,0.081,4200.0,0.147,0.147,0.081
10/27/2020,0.081,,0.081,0.081,0.081
10/28/2020,0.081,,0.081,0.081,0.081
10/29/2020,0.081,,0.081,0.081,0.081
10/30/2020,0.081,,0.081,0.081,0.081
11/02/2020,0.081,,0.081,0.081,0.081
11/03/2020,0.081,,0.081,0.081,0.081
11/04/2020,0.0819,301.0,0.18,0.18,0.0819
11/05/2020,0.081,3812.0,0.0819,0.0819,0.081
11/06/2020,0.1382,100.0,0.1382,0.1382,0.1382
11/09/2020,0.1382,,0.1382,0.1382,0.1382
11/10/2020,0.147,824.0,0.06,0.185,0.06
11/11/2020,0.1635,150.0,0.1635,0.1635,0.1635
11/12/2020,0.147,1055.0,0.065,0.147,0.065
11/13/2020,0.185,3791.0,0.185,0.185,0.185
11/16/2020,0.185,,0.185,0.185,0.185
11/17/2020,0.2,218.0,0.147,0.2,0.147
11/18/2020,0.2,,0.2,0.2,0.2
11/19/2020,0.2,,0.2,0.2,0.2
11/20/2020,0.147,548.0,0.08,0.147,0.08
11/23/2020,0.147,,0.147,0.147,0.147
11/24/2020,0.147,,0.147,0.147,0.147
11/25/2020,0.147,,0.147,0.147,0.147
11/27/2020,0.08,120.0,0.08,0.08,0.08
11/30/2020,0.08,,0.08,0.08,0.08
12/01/2020,0.08,,0.08,0.08,0.08
12/02/2020,0.08,,0.08,0.08,0.08
12/03/2020,0.06,106.0,0.06,0.06,0.06
12/04/2020,0.06,340.0,0.06,0.06,0.06
12/07/2020,0.0046,3000.0,0.008,0.008,0.0046
12/08/2020,0.0046,,0.0046,0.0046,0.0046
12/09/2020,0.0046,,0.0046,0.0046,0.0046
12/10/2020,0.0046,,0.0046,0.0046,0.0046
12/11/2020,0.005,100.0,0.005,0.005,0.005
12/14/2020,0.005,,0.005,0.005,0.005
12/15/2020,0.005,,0.005,0.005,0.005
12/16/2020,0.005,,0.005,0.005,0.005
12/17/2020,0.185,102.0,0.185,0.185,0.185
12/18/2020,0.185,,0.185,0.185,0.185
12/21/2020,0.185,,0.185,0.185,0.185
12/22/2020,0.15,2999.0,0.1419,0.15,0.1419
12/23/2020,0.15,,0.15,0.15,0.15
12/24/2020,0.15,,0.15,0.15,0.15
12/28/2020,0.15,,0.15,0.15,0.15
12/29/2020,0.15,,0.15,0.15,0.15
12/30/2020,0.15,,0.15,0.15,0.15
12/31/2020,0.15,,0.15,0.15,0.15
01/04/2021,0.185,100.0,0.185,0.185,0.185
01/05/2021,0.1,9421.0,0.2,0.2,0.1
01/06/2021,0.09,105.0,0.09,0.09,0.09
01/07/2021,0.09,,0.09,0.09,0.09
01/08/2021,0.1225,100.0,0.1225,0.1225,0.1225
01/11/2021,0.1225,,0.1225,0.1225,0.1225
01/12/2021,0.1225,,0.1225,0.1225,0.1225
01/13/2021,0.1225,,0.1225,0.1225,0.1225
01/14/2021,0.1225,,0.1225,0.1225,0.1225
01/15/2021,0.1439,13112.0,0.15,0.2,0.1339
01/19/2021,0.16,5250.0,0.12,0.16,0.12
01/20/2021,0.16,,0.16,0.16,0.16
01/21/2021,0.102,2984.0,0.188,0.201,0.102
01/22/2021,0.28,7300.0,0.3,0.3,0.2
01/25/2021,0.2,622.0,0.102,0.2,0.102
01/26/2021,0.419,10504.0,0.3,0.44,0.298
01/27/2021,0.35,2540.0,0.4,0.4,0.3
01/28/2021,0.3299,19200.0,0.35,0.35,0.1012
01/29/2021,0.33,106.0,0.33,0.33,0.33
02/01/2021,0.44,241.0,0.1,0.44,0.1
02/02/2021,0.11,5525.0,0.12,0.4,0.11
02/03/2021,0.11,800.0,0.11,0.11,0.11
02/04/2021,0.11,,0.11,0.11,0.11
02/05/2021,0.1105,217.0,0.1105,0.1105,0.1105
02/08/2021,0.1105,800.0,0.1105,0.1105,0.1105
02/09/2021,0.35,1627.0,0.11,0.4399,0.1
02/10/2021,0.09,5108.0,0.1109,0.1109,0.09
02/11/2021,0.09,,0.09,0.09,0.09
02/12/2021,0.09,,0.09,0.09,0.09
02/16/2021,0.2999,2457.0,0.09,0.3,0.09
02/17/2021,0.2999,1007.0,0.2999,0.2999,0.2999
02/18/2021,0.29,2599.0,0.29,0.29,0.29
02/19/2021,0.29,110.0,0.29,0.29,0.29
02/22/2021,0.29,,0.29,0.29,0.29
02/23/2021,0.29,,0.29,0.29,0.29
02/24/2021,0.29,,0.29,0.29,0.29
02/25/2021,0.28,500.0,0.28,0.28,0.28
02/26/2021,0.28,,0.28,0.28,0.28
03/01/2021,0.28,,0.28,0.28,0.28
03/02/2021,0.28,,0.28,0.28,0.28
03/03/2021,0.25,490.0,0.25,0.26,0.25
03/04/2021,0.12,3054.0,0.11,0.12,0.11
03/05/2021,0.15,5969.0,0.15,0.15,0.15
03/08/2021,0.15,,0.15,0.15,0.15
03/09/2021,0.11,500.0,0.11,0.11,0.11
03/10/2021,0.11,,0.11,0.11,0.11
03/11/2021,0.11,,0.11,0.11,0.11
03/12/2021,0.11,,0.11,0.11,0.11
